{
    "header": {
        "title": "Cho Thuê Căn Hộ Chung Cư, Giá Rẻ, Mới Nhất 2022",
        "description": "Cho thuê căn hộ - Kênh đăng tin cho thuê căn hộ số 1: giá rẻ, chính chủ, đầy đủ tiện nghi. Cho thuê chung cư với nhiều mức giá, diện tích cho thuê khác nhau."
    },
    "body": [
        {
            "images": [
                "https://pt123.cdn.static123.com/images/thumbs/900x600/fit/2022/07/19/6310726d-d075-4e35-b1cb-cf5616bf5212_1658240491.jpg",
                "https://pt123.cdn.static123.com/images/thumbs/900x600/fit/2022/07/19/9c60836e-26b2-4737-a6c8-60cb5187fa4c_1658240485.jpg",
                "https://pt123.cdn.static123.com/images/thumbs/900x600/fit/2022/07/19/716c753e-8e03-4cc8-9d09-e52ec19ce01b_1658240485.jpg",
                "https://pt123.cdn.static123.com/images/thumbs/900x600/fit/2022/07/19/400e7ebd-5d88-48af-8599-0d074a1ee014_1658240494.jpg",
                "https://pt123.cdn.static123.com/images/thumbs/900x600/fit/2022/07/19/1379ebdf-eda5-4ef8-bb22-7da1d19551f2_1658240490.jpg",
                "https://pt123.cdn.static123.com/images/thumbs/900x600/fit/2022/07/19/6310726d-d075-4e35-b1cb-cf5616bf5212_1658240491.jpg",
                "https://pt123.cdn.static123.com/images/thumbs/900x600/fit/2022/07/19/9c60836e-26b2-4737-a6c8-60cb5187fa4c_1658240485.jpg"
            ],
            "header": {
                "title": "Phòng Cho Nam Trong Chung Cư Cao Cấp",
                "star": "5",
                "class": {
                    "content": "Chuyên mục: Cho thuê căn hộ Quận Bình Thạnh",
                    "classType": "Cho thuê căn hộ Quận Bình Thạnh"
                },
                "address": "Địa chỉ: 57 Quốc Lộ 13, Phường 26, Quận Bình Thạnh, Hồ Chí Minh",
                "attributes": {
                    "price": "5 triệu/tháng",
                    "acreage": "120m2",
                    "published": "Hôm nay",
                    "hashtag": "604250"
                }
            },
            "mainContent": {
                "header": "Thông tin mô tả",
                "content": [
                    "Cho Nam share phòng trong căn hộ 3PN 120m2 :",
                    "2 ban công, 2 wc",
                    "Full NT ( Máy nước nóng, máy lạnh, giường, tủ, bếp, tủ lạnh, máy giặc cửa ngang mới, phòng khách & phòng bếp )",
                    "Tầng 3 nội khu : hồ bơi, phòng gym, khu sinh hoạt cộng đồng, spa & coffee , quán ăn",
                    "Tầng trệt : Siêu thị win mart , anh văn Việt Mỹ",
                    "Chung cư mặt tiền, sảnh ra vào rộng rãi",
                    "- có chỗ đậu oto & xe máy trên sảnh",
                    "- 2 hầm xe rộng rãi"
                ]
            },
            "overview": {
                "header": "Đặc điểm tin đăng",
                "content": [
                    {
                        "name": "Mã tin:",
                        "content": "#604250"
                    },
                    {
                        "name": "Khu vực",
                        "content": "Cho thuê căn hộ Hồ Chí Minh"
                    },
                    {
                        "name": "Loại tin rao:",
                        "content": "Cho thuê căn hộ"
                    },
                    {
                        "name": "Đối tượng thuê:",
                        "content": "Nam"
                    },
                    {
                        "name": "Gói tin:",
                        "content": "Tin VIP nổi bật"
                    },
                    {
                        "name": "Ngày đăng:",
                        "content": "Thứ 3, 11:11 09/08/2022"
                    },
                    {
                        "name": "Ngày hết hạn:",
                        "content": "Chủ Nhật, 11:11 14/08/2022"
                    }
                ]
            },
            "contact": {
                "header": "Thông tin liên hệ",
                "content": [
                    {
                        "name": "Liên hệ:",
                        "content": "vylost297"
                    },
                    {
                        "name": "Điện thoại:",
                        "content": "0767326068"
                    },
                    {
                        "name": "Zalo",
                        "content": "0767326068"
                    }
                ]
            }
        },
        {
            "images": [
                "https://pt123.cdn.static123.com/images/thumbs/900x600/fit/2020/02/27/pp10_1582776285.jpg",
                "https://pt123.cdn.static123.com/images/thumbs/900x600/fit/2020/02/27/pp22_1582776045.jpg",
                "https://pt123.cdn.static123.com/images/thumbs/900x600/fit/2020/02/27/pp32_1582776058.jpg",
                "https://pt123.cdn.static123.com/images/thumbs/900x600/fit/2020/02/27/pp9_1582776078.jpg",
                "https://pt123.cdn.static123.com/images/thumbs/900x600/fit/2020/02/27/pp37_1582776086.jpg",
                "https://pt123.cdn.static123.com/images/thumbs/900x600/fit/2020/02/27/tm1_1582776272.jpg",
                "https://pt123.cdn.static123.com/images/thumbs/900x600/fit/2020/02/27/pp10_1582776285.jpg",
                "https://pt123.cdn.static123.com/images/thumbs/900x600/fit/2020/02/27/pp22_1582776045.jpg"
            ],
            "header": {
                "title": "Căn hộ mini khu Nguyễn Gia Trần Não trung tâm Quận 2. DT từ : 21m2 - 36m2, giá từ 4.1tr -7.6tr",
                "star": "3",
                "class": {
                    "content": "Chuyên mục: Cho thuê căn hộ Quận 2",
                    "classType": "Cho thuê căn hộ Quận 2"
                },
                "address": "Địa chỉ: 21 Đường số 10, Phường Bình An, Quận 2, Hồ Chí Minh",
                "attributes": {
                    "price": "4.1 triệu/tháng",
                    "acreage": "21m2",
                    "published": "Hôm nay",
                    "hashtag": "296453"
                }
            },
            "mainContent": {
                "header": "Thông tin mô tả",
                "content": [
                    "CHO THUÊ CĂN HỘ MINI DIỆN TÍCH TỪ TỪ : 21M2 - 40M2, MỚI GIÁ TỐT TẠI TRUNG TÂM QUẬN 2- ĐƯỜNG 10 TRẦN NÃO, F BÌNH AN. Q 2; Tp . HCM",
                    "GIÁ THUÊ THỪ:  4.1 Triệu/Tháng đến 7.6 Triệu/Tháng",
                    "Nhà ở yên tĩnh, mới , đẹp, an ninh, kết nối thuận tiện các quận vùng lân cận như Q1, Q BÌNH THẠNH, Q3,Q1, THỦ ĐỨC , Q9…",
                    "Tiện ích: Cho quý khách chọn căn hộ mini phường Bình An, Quận 2, HCM.",
                    "Chọn nhà ở ngay gần đường Trần Não Trung Tâm Quận 2; Tp. HCM là quý khách sở hữu nhiều tiện ích như:",
                    "- Gần công viên thuận tiện cho việc rèn luyện sức khỏe và thư giãn hàng ngày",
                    "- Gần chợ, siêu thị, TT thương mai, chợ, quán cà phê , nhà hàng…",
                    "- Gần bệnh viện , TT y tế, phòng khám…",
                    "- Gần trường học, công, tư thục, quốc tế, trường năng kiếu ; trường Đại Học …",
                    "- Gần các trung tâm ngoại ngữ; Ngân Hàng; Phòng Công chứng …",
                    "Nhà thuê ở đường 10 phường Bình An mới 100%, khu nhà ở thoáng mát hành lang rộng chuẩn với 1 thang máy, 1 thang bộ, hệ thống PCCC, camera an ninh,kiểm soát kĩ cửa ra vào mỗi phòng,có bảo vệ giữ xe,có máy giặt ,phòng rộng có cửa sổ thông, thoáng mát,có chỗ phơi đồ riêng mỗi phòng, có bếp, có bồn rửa chén, phòng tắm rộng đầy đủ tiện nghi, wifi miễn phí.",
                    "Quý khách sẽ hài lòng khi chọn thuê nhà an cư tại trung tâm Quận 2 Tp. HCM.",
                    "Liên hệ xem nhà hoặc cần thêm thông tin vui lòng gọi số: 093 116 22 55"
                ]
            },
            "overview": {
                "header": "Đặc điểm tin đăng",
                "content": [
                    {
                        "name": "Mã tin:",
                        "content": "#296453"
                    },
                    {
                        "name": "Khu vực",
                        "content": "Cho thuê căn hộ Hồ Chí Minh"
                    },
                    {
                        "name": "Loại tin rao:",
                        "content": "Cho thuê căn hộ"
                    },
                    {
                        "name": "Đối tượng thuê:",
                        "content": "Tất cả"
                    },
                    {
                        "name": "Gói tin:",
                        "content": "Tin VIP 2"
                    },
                    {
                        "name": "Ngày đăng:",
                        "content": "Thứ 3, 10:06 09/08/2022"
                    },
                    {
                        "name": "Ngày hết hạn:",
                        "content": "Thứ 3, 10:06 16/08/2022"
                    }
                ]
            },
            "contact": {
                "header": "Thông tin liên hệ",
                "content": [
                    {
                        "name": "Liên hệ:",
                        "content": "Nguyễn Thị Liên"
                    },
                    {
                        "name": "Điện thoại:",
                        "content": "0931162255"
                    },
                    {
                        "name": "Zalo",
                        "content": "0931162255"
                    }
                ]
            }
        },
        {
            "images": [
                "https://pt123.cdn.static123.com/images/thumbs/900x600/fit/2022/08/10/23c9422905c7f999a0d659_1660100658.jpg",
                "https://pt123.cdn.static123.com/images/thumbs/900x600/fit/2022/08/10/d16e16a95147ad19f45656_1660100664.jpg",
                "https://pt123.cdn.static123.com/images/thumbs/900x600/fit/2022/08/10/8e3cfdecba02465c1f1355_1660100658.jpg",
                "https://pt123.cdn.static123.com/images/thumbs/900x600/fit/2022/08/10/68bc8867cf8933d76a9857_1660100660.jpg",
                "https://pt123.cdn.static123.com/images/thumbs/900x600/fit/2022/08/10/b814b5c8f2260e78573758_1660100662.jpg",
                "https://pt123.cdn.static123.com/images/thumbs/900x600/fit/2022/04/25/b813c8f58f1b73452a0a60_1650874569.jpg",
                "https://pt123.cdn.static123.com/images/thumbs/900x600/fit/2022/04/25/b54529b46e5a9204cb4b61_1650874571.jpg",
                "https://pt123.cdn.static123.com/images/thumbs/900x600/fit/2022/08/10/z3632027092979-8daa593c24da8a845acbbb1bb58060ca_1660100628.jpg",
                "https://pt123.cdn.static123.com/images/thumbs/900x600/fit/2022/08/10/z3632027093110-d8e20724215b376ef771964808900f4e_1660100628.jpg",
                "https://pt123.cdn.static123.com/images/thumbs/900x600/fit/2022/08/10/23c9422905c7f999a0d659_1660100658.jpg"
            ],
            "header": {
                "title": "Phòng FULL Nội Thất cao cấp Ngay Sân bay TSN, Rộng rãi, An ninh, GIá rẻ",
                "star": "2",
                "class": {
                    "content": "Chuyên mục: Cho thuê căn hộ dịch vụ Quận Tân Bình",
                    "classType": "Cho thuê căn hộ dịch vụ Quận Tân Bình"
                },
                "address": "Địa chỉ: 2/26 Đường Bạch Đằng, Phường 2, Quận Tân Bình, Hồ Chí Minh",
                "attributes": {
                    "price": "4.5 triệu/tháng",
                    "acreage": "25m2",
                    "published": "6 giờ trước",
                    "hashtag": "599644"
                }
            },
            "mainContent": {
                "header": "Thông tin mô tả",
                "content": [
                    "Phòng cao cấp full nội thất, sang trọng phù hợp với người đi làm, cặp vợ chồng son.",
                    "Ngay Gần Sân Bay Tân Sơn Nhất, Công viên Gia định,…",
                    "Liên hệ NGAY để xem phòng: 0931610338",
                    "Nội thất: - Một giường lớn, 1 tủ đồ, 1 tủ lạnh, máy lạnh, tivi, 1 bộ bàn ghế, bếp,...",
                    "Phòng thật như hình",
                    "Tiện nghi hàng đầu:",
                    "+ Cửa bảo mật vân tay và mật khẩu An ninh",
                    "+ Wifi internet đầy đủ",
                    "+ Free xe",
                    "+ Có nhà vệ sinh riêng,...",
                    "+ Giờ tự do,",
                    "+ Phòng trên lầu nên đi thang bộ, phù hợp với người muốn nâng cao sức khỏe, thích rèn luyện thể lực",
                    "+ Không phù hợp với người không thích đi thang bộ",
                    "Giá thuê: 4tr5",
                    "Địa chỉ: 2/26 Bạch đằng, quận Tân Bình, Tp.HCM – Ngay Gần Sân Bay Tân Sơn Nhất, Công viên Gia định,…",
                    "Liên hệ NGAY để xem phòng: 0931610338"
                ]
            },
            "overview": {
                "header": "Đặc điểm tin đăng",
                "content": [
                    {
                        "name": "Mã tin:",
                        "content": "#599644"
                    },
                    {
                        "name": "Khu vực",
                        "content": "Cho thuê căn hộ dịch vụ Hồ Chí Minh"
                    },
                    {
                        "name": "Loại tin rao:",
                        "content": "Cho thuê căn hộ dịch vụ"
                    },
                    {
                        "name": "Đối tượng thuê:",
                        "content": "Tất cả"
                    },
                    {
                        "name": "Gói tin:",
                        "content": "Tin VIP 3"
                    },
                    {
                        "name": "Ngày đăng:",
                        "content": "Thứ 4, 10:05 10/08/2022"
                    },
                    {
                        "name": "Ngày hết hạn:",
                        "content": "Thứ 4, 10:05 17/08/2022"
                    }
                ]
            },
            "contact": {
                "header": "Thông tin liên hệ",
                "content": [
                    {
                        "name": "Liên hệ:",
                        "content": "Trịnh Phuc"
                    },
                    {
                        "name": "Điện thoại:",
                        "content": "0931610338"
                    },
                    {
                        "name": "Zalo",
                        "content": "0931610338"
                    }
                ]
            }
        },
        {
            "images": [
                "https://pt123.cdn.static123.com/images/thumbs/900x600/fit/2022/08/10/f93e1ece578892d6cb99_1660067038.jpg",
                "https://pt123.cdn.static123.com/images/thumbs/900x600/fit/2022/08/10/2abd7f4d360bf355aa1a_1660067037.jpg",
                "https://pt123.cdn.static123.com/images/thumbs/900x600/fit/2022/08/10/140ca1f2e8b42dea74a5_1660067037.jpg",
                "https://pt123.cdn.static123.com/images/thumbs/900x600/fit/2022/08/10/356f4c9105d7c08999c6_1660067038.jpg",
                "https://pt123.cdn.static123.com/images/thumbs/900x600/fit/2022/08/10/b63fe8cfa18964d73d98_1660067038.jpg",
                "https://pt123.cdn.static123.com/images/thumbs/900x600/fit/2022/08/10/d9060ef747b182efdba0_1660067038.jpg",
                "https://pt123.cdn.static123.com/images/thumbs/900x600/fit/2022/08/10/f93e1ece578892d6cb99_1660067038.jpg",
                "https://pt123.cdn.static123.com/images/thumbs/900x600/fit/2022/08/10/2abd7f4d360bf355aa1a_1660067037.jpg"
            ],
            "header": {
                "title": "Khai Trương Từng Bừng CHDV Mới",
                "star": "2",
                "class": {
                    "content": "Chuyên mục: Cho thuê căn hộ dịch vụ Quận Tân Phú",
                    "classType": "Cho thuê căn hộ dịch vụ Quận Tân Phú"
                },
                "address": "Địa chỉ: Nguyễn Văn Săng, Phường Tân Sơn Nhì, Quận Tân Phú, Hồ Chí Minh",
                "attributes": {
                    "price": "6 triệu/tháng",
                    "acreage": "40m2",
                    "published": "Hôm nay",
                    "hashtag": "605655"
                }
            },
            "mainContent": {
                "header": "Thông tin mô tả",
                "content": [
                    "* Tưng Bừng Khai Trương CHDV Mới *",
                    "- Địa Chỉ: Nguyễn Văn Săng, Phường Tân Sơn Nhì, Phú Nhuận",
                    "- Thích hợp ở gia đình, Kinh doanh onl,...",
                    "- Phòng có ban công lớn, và cửa sổ thoáng mát",
                    "- 3 loại phòng studio, 1pn1pk , 2pn 1pk",
                    "- Giá : 2pn ban công ngoài , -8tr",
                    "2pn ban công trong 7tr5",
                    "1pn ban công ngoài 6tr5",
                    "1pn ban công trong 6tr",
                    "- Có 1 máy lạnh, thêm ml thêm 500k",
                    "Lh/Zalo: 0937475715 hoặc ib để được tư vấn hỗ trợ xem phòng trực tiếp"
                ]
            },
            "overview": {
                "header": "Đặc điểm tin đăng",
                "content": [
                    {
                        "name": "Mã tin:",
                        "content": "#605655"
                    },
                    {
                        "name": "Khu vực",
                        "content": "Cho thuê căn hộ dịch vụ Hồ Chí Minh"
                    },
                    {
                        "name": "Loại tin rao:",
                        "content": "Cho thuê căn hộ dịch vụ"
                    },
                    {
                        "name": "Đối tượng thuê:",
                        "content": "Tất cả"
                    },
                    {
                        "name": "Gói tin:",
                        "content": "Tin VIP 3"
                    },
                    {
                        "name": "Ngày đăng:",
                        "content": "Thứ 4, 00:44 10/08/2022"
                    },
                    {
                        "name": "Ngày hết hạn:",
                        "content": "Thứ 2, 00:44 15/08/2022"
                    }
                ]
            },
            "contact": {
                "header": "Thông tin liên hệ",
                "content": [
                    {
                        "name": "Liên hệ:",
                        "content": "Nguyễn Hoàng Nhân"
                    },
                    {
                        "name": "Điện thoại:",
                        "content": "0937475715"
                    },
                    {
                        "name": "Zalo",
                        "content": "0937475715"
                    }
                ]
            }
        },
        {
            "images": [
                "https://pt123.cdn.static123.com/images/thumbs/900x600/fit/2022/08/09/dab682d66269a037f978_1660053876.jpg",
                "https://pt123.cdn.static123.com/images/thumbs/900x600/fit/2022/08/09/2b3ec0242d9befc5b68a_1660053814.jpg",
                "https://pt123.cdn.static123.com/images/thumbs/900x600/fit/2022/08/09/6bc12eefc350010e5841_1660053814.jpg",
                "https://pt123.cdn.static123.com/images/thumbs/900x600/fit/2022/08/09/86a861468ff94da714e8_1660053815.jpg",
                "https://pt123.cdn.static123.com/images/thumbs/900x600/fit/2022/08/09/664f93767ec9bc97e5d8_1660053816.jpg",
                "https://pt123.cdn.static123.com/images/thumbs/900x600/fit/2022/08/09/34886ef8834741191856_1660053817.jpg",
                "https://pt123.cdn.static123.com/images/thumbs/900x600/fit/2022/08/09/d8de4fd6a26960373978_1660053817.jpg",
                "https://pt123.cdn.static123.com/images/thumbs/900x600/fit/2022/08/09/4f7dfb1c1ba3d9fd80b2_1660053875.jpg",
                "https://pt123.cdn.static123.com/images/thumbs/900x600/fit/2022/08/09/5c0cf16f11d0d38e8ac1_1660053875.jpg",
                "https://pt123.cdn.static123.com/images/thumbs/900x600/fit/2022/08/09/8f73f10d11b2d3ec8aa3_1660053876.jpg",
                "https://pt123.cdn.static123.com/images/thumbs/900x600/fit/2022/08/09/55d8fabe1a01d85f8110_1660053876.jpg",
                "https://pt123.cdn.static123.com/images/thumbs/900x600/fit/2022/08/09/dab682d66269a037f978_1660053876.jpg",
                "https://pt123.cdn.static123.com/images/thumbs/900x600/fit/2022/08/09/2b3ec0242d9befc5b68a_1660053814.jpg"
            ],
            "header": {
                "title": "Cho Thuê CHDV 1pn 1pk và 2pn Phòng mới",
                "star": "2",
                "class": {
                    "content": "Chuyên mục: Cho thuê căn hộ dịch vụ Quận Gò Vấp",
                    "classType": "Cho thuê căn hộ dịch vụ Quận Gò Vấp"
                },
                "address": "Địa chỉ: 241 Đường số 20, Phường 5, Quận Gò Vấp, Hồ Chí Minh",
                "attributes": {
                    "price": "5.5 triệu/tháng",
                    "acreage": "40m2",
                    "published": "Hôm nay",
                    "hashtag": "605648"
                }
            },
            "mainContent": {
                "header": "Thông tin mô tả",
                "content": [
                    "Cho Thuê CHDV mới",
                    "Địa chỉ: 241 Đường Số 20 P5 GV",
                    "- Có 2 dạng phòng:",
                    "+ 1pn 1pk",
                    "+ 2pn 1pk",
                    "- Nội thất: Như Hình",
                    "- Điện: 3k5",
                    "- Nước: 100k/Ng",
                    "- Wifi: 100k/P",
                    "Còn lại free",
                    "Lh: hoặc ib zalo để được tư vấn hỗ trợ xem p trực tiếp"
                ]
            },
            "overview": {
                "header": "Đặc điểm tin đăng",
                "content": [
                    {
                        "name": "Mã tin:",
                        "content": "#605648"
                    },
                    {
                        "name": "Khu vực",
                        "content": "Cho thuê căn hộ dịch vụ Hồ Chí Minh"
                    },
                    {
                        "name": "Loại tin rao:",
                        "content": "Cho thuê căn hộ dịch vụ"
                    },
                    {
                        "name": "Đối tượng thuê:",
                        "content": "Tất cả"
                    },
                    {
                        "name": "Gói tin:",
                        "content": "Tin VIP 3"
                    },
                    {
                        "name": "Ngày đăng:",
                        "content": "Thứ 3, 21:05 09/08/2022"
                    },
                    {
                        "name": "Ngày hết hạn:",
                        "content": "Chủ Nhật, 21:05 14/08/2022"
                    }
                ]
            },
            "contact": {
                "header": "Thông tin liên hệ",
                "content": [
                    {
                        "name": "Liên hệ:",
                        "content": "Nguyễn Hoàng Nhân"
                    },
                    {
                        "name": "Điện thoại:",
                        "content": "0937475715"
                    },
                    {
                        "name": "Zalo",
                        "content": "0937475715"
                    }
                ]
            }
        },
        {
            "images": [
                "https://pt123.cdn.static123.com/images/thumbs/900x600/fit/2022/08/09/924d5e18ffa03dfe64b1_1660052080.jpg",
                "https://pt123.cdn.static123.com/images/thumbs/900x600/fit/2022/08/09/3b8e3f8a9e325c6c0523_1660052077.jpg",
                "https://pt123.cdn.static123.com/images/thumbs/900x600/fit/2022/08/09/4d6cd27973c1b19fe8d0_1660052077.jpg",
                "https://pt123.cdn.static123.com/images/thumbs/900x600/fit/2022/08/09/17d342f1e34921177858_1660052079.jpg",
                "https://pt123.cdn.static123.com/images/thumbs/900x600/fit/2022/08/09/329e20c1817943271a68_1660052079.jpg",
                "https://pt123.cdn.static123.com/images/thumbs/900x600/fit/2022/08/09/924d5e18ffa03dfe64b1_1660052080.jpg",
                "https://pt123.cdn.static123.com/images/thumbs/900x600/fit/2022/08/09/3b8e3f8a9e325c6c0523_1660052077.jpg"
            ],
            "header": {
                "title": "Cho Thuê CHDV An Ninh Cao Có quản lí trực cả ngày",
                "star": "2",
                "class": {
                    "content": "Chuyên mục: Cho thuê căn hộ dịch vụ Quận Bình Thạnh",
                    "classType": "Cho thuê căn hộ dịch vụ Quận Bình Thạnh"
                },
                "address": "Địa chỉ: 702 Đường Xô Viết Nghệ Tĩnh, Phường 25, Quận Bình Thạnh, Hồ Chí Minh",
                "attributes": {
                    "price": "3.5 triệu/tháng",
                    "acreage": "20m2",
                    "published": "Hôm nay",
                    "hashtag": "605646"
                }
            },
            "mainContent": {
                "header": "Thông tin mô tả",
                "content": [
                    "Địa chỉ: 702 xvnt - p25- Bình Thạnh",
                    "Giá:3tr5",
                    "- Phòng trống ( có máy lạnh) , giới hạn giờ (12h) nếu về quá giờ gọi qli",
                    "- Cọc 1",
                    "Phí khác:",
                    "- Điện 3k5, nước 100k/ người , xe số 100k/c tay ga 200k/C, dịch vụ: 130k",
                    "Lh: 0937475715 hoặc ib zalo để được tư vấn hỗ trợ xem phòng trực tiếp"
                ]
            },
            "overview": {
                "header": "Đặc điểm tin đăng",
                "content": [
                    {
                        "name": "Mã tin:",
                        "content": "#605646"
                    },
                    {
                        "name": "Khu vực",
                        "content": "Cho thuê căn hộ dịch vụ Hồ Chí Minh"
                    },
                    {
                        "name": "Loại tin rao:",
                        "content": "Cho thuê căn hộ dịch vụ"
                    },
                    {
                        "name": "Đối tượng thuê:",
                        "content": "Tất cả"
                    },
                    {
                        "name": "Gói tin:",
                        "content": "Tin VIP 3"
                    },
                    {
                        "name": "Ngày đăng:",
                        "content": "Thứ 3, 20:40 09/08/2022"
                    },
                    {
                        "name": "Ngày hết hạn:",
                        "content": "Chủ Nhật, 20:40 14/08/2022"
                    }
                ]
            },
            "contact": {
                "header": "Thông tin liên hệ",
                "content": [
                    {
                        "name": "Liên hệ:",
                        "content": "Nguyễn Hoàng Nhân"
                    },
                    {
                        "name": "Điện thoại:",
                        "content": "0937475715"
                    },
                    {
                        "name": "Zalo",
                        "content": "0937475715"
                    }
                ]
            }
        },
        {
            "images": [
                "https://pt123.cdn.static123.com/images/thumbs/900x600/fit/2022/08/09/1ee78d98cad50f8b56c413_1660047171.jpg",
                "https://pt123.cdn.static123.com/images/thumbs/900x600/fit/2022/08/09/701c0a5f4d12884cd10310_1660047174.jpg",
                "https://pt123.cdn.static123.com/images/thumbs/900x600/fit/2022/08/09/4cb416c8518594dbcd9412_1660047171.jpg",
                "https://pt123.cdn.static123.com/images/thumbs/900x600/fit/2022/08/09/90a971ea36a7f3f9aab611_1660047173.jpg",
                "https://pt123.cdn.static123.com/images/thumbs/900x600/fit/2022/08/09/c595a6d6e19b24c57d8a9_1660047175.jpg",
                "https://pt123.cdn.static123.com/images/thumbs/900x600/fit/2022/08/09/1ee78d98cad50f8b56c413_1660047171.jpg",
                "https://pt123.cdn.static123.com/images/thumbs/900x600/fit/2022/08/09/701c0a5f4d12884cd10310_1660047174.jpg"
            ],
            "header": {
                "title": "Cho thuê Căn hộ view sông SG nằm trong khu biệt thự Bình Lợi",
                "star": "2",
                "class": {
                    "content": "Chuyên mục: Cho thuê căn hộ Quận Bình Thạnh",
                    "classType": "Cho thuê căn hộ Quận Bình Thạnh"
                },
                "address": "Địa chỉ: Đường Bình Lợi, Phường 13, Quận Bình Thạnh, Hồ Chí Minh",
                "attributes": {
                    "price": "8.8 triệu/tháng",
                    "acreage": "50m2",
                    "published": "Hôm nay",
                    "hashtag": "605643"
                }
            },
            "mainContent": {
                "header": "Thông tin mô tả",
                "content": [
                    "CĂN HỘ NẰM TRONG KHU BIỆT THỰ BÌNH LỢI GIÁ CỰC HẤP DẪN",
                    "Vị trí: Binh Lợi, Phường 13, Bình Thạnh",
                    "Căn hộ view sông đón gió trời cực kỳ thoáng mát",
                    "Mới Xây 100%",
                    "Diện tích từ 30-60m2",
                    "Có hầm xe rộng",
                    "Thang máy hiện đại",
                    "View sông Sài Gòn cực chill",
                    "Giá hấp dẫn cho một căn hộ khu biệt thự chỉ từ 8tr8, 9tr3, 9tr8, 10tr, 10tr5, 11tr"
                ]
            },
            "overview": {
                "header": "Đặc điểm tin đăng",
                "content": [
                    {
                        "name": "Mã tin:",
                        "content": "#605643"
                    },
                    {
                        "name": "Khu vực",
                        "content": "Cho thuê căn hộ Hồ Chí Minh"
                    },
                    {
                        "name": "Loại tin rao:",
                        "content": "Cho thuê căn hộ"
                    },
                    {
                        "name": "Đối tượng thuê:",
                        "content": "Tất cả"
                    },
                    {
                        "name": "Gói tin:",
                        "content": "Tin VIP 3"
                    },
                    {
                        "name": "Ngày đăng:",
                        "content": "Thứ 3, 19:13 09/08/2022"
                    },
                    {
                        "name": "Ngày hết hạn:",
                        "content": "Chủ Nhật, 19:13 14/08/2022"
                    }
                ]
            },
            "contact": {
                "header": "Thông tin liên hệ",
                "content": [
                    {
                        "name": "Liên hệ:",
                        "content": "Tài Megas"
                    },
                    {
                        "name": "Điện thoại:",
                        "content": "0862421728"
                    },
                    {
                        "name": "Zalo",
                        "content": "0862421728"
                    },
                    {
                        "name": "Facebook",
                        "content": "https://www.facebook.com/profile.php?id=100071069504359"
                    }
                ]
            }
        },
        {
            "images": [
                "https://pt123.cdn.static123.com/images/thumbs/900x600/fit/2022/08/07/a829d270-891e-4f03-bf14-97787ff3badf_1659884439.jpg",
                "https://pt123.cdn.static123.com/images/thumbs/900x600/fit/2022/08/07/31253ee6-b23c-462a-a43b-b0db7f14f413_1659884438.jpg",
                "https://pt123.cdn.static123.com/images/thumbs/900x600/fit/2022/08/07/4787b77c-ba34-4093-aead-2b4377d056e7_1659884438.jpg",
                "https://pt123.cdn.static123.com/images/thumbs/900x600/fit/2022/08/07/cf952df8-dbea-4f43-a1e1-790df5fa98a3_1659884439.jpg",
                "https://pt123.cdn.static123.com/images/thumbs/900x600/fit/2022/08/07/a93acb47-2ae5-415f-8bfe-4c08166e7ab9_1659884439.jpg",
                "https://pt123.cdn.static123.com/images/thumbs/900x600/fit/2022/08/07/9f413464-8a4a-414b-9b0e-3ee21a218320_1659884439.jpg",
                "https://pt123.cdn.static123.com/images/thumbs/900x600/fit/2022/08/07/a829d270-891e-4f03-bf14-97787ff3badf_1659884439.jpg",
                "https://pt123.cdn.static123.com/images/thumbs/900x600/fit/2022/08/07/31253ee6-b23c-462a-a43b-b0db7f14f413_1659884438.jpg"
            ],
            "header": {
                "title": "CHDV 1PN đối diện ETOWN có bancol mát mẻ",
                "star": "2",
                "class": {
                    "content": "Chuyên mục: Cho thuê căn hộ dịch vụ Quận Tân Bình",
                    "classType": "Cho thuê căn hộ dịch vụ Quận Tân Bình"
                },
                "address": "Địa chỉ: Đường Nhất Chi Mai, Phường 13, Quận Tân Bình, Hồ Chí Minh",
                "attributes": {
                    "price": "7 triệu/tháng",
                    "acreage": "40m2",
                    "published": "Hôm nay",
                    "hashtag": "605524"
                }
            },
            "mainContent": {
                "header": "Thông tin mô tả",
                "content": [
                    "Địa chỉ: Đường Nhất Chi Mai, P13, Tân Bình",
                    "Điện 3.5k",
                    "Nước 100k người",
                    "Xe 100k người",
                    "Phí dịch vụ 50k người gồm rác wifi",
                    "FULL NỘI THẤT"
                ]
            },
            "overview": {
                "header": "Đặc điểm tin đăng",
                "content": [
                    {
                        "name": "Mã tin:",
                        "content": "#605524"
                    },
                    {
                        "name": "Khu vực",
                        "content": "Cho thuê căn hộ dịch vụ Hồ Chí Minh"
                    },
                    {
                        "name": "Loại tin rao:",
                        "content": "Cho thuê căn hộ dịch vụ"
                    },
                    {
                        "name": "Đối tượng thuê:",
                        "content": "Tất cả"
                    },
                    {
                        "name": "Gói tin:",
                        "content": "Tin VIP 3"
                    },
                    {
                        "name": "Ngày đăng:",
                        "content": "Chủ Nhật, 22:02 07/08/2022"
                    },
                    {
                        "name": "Ngày hết hạn:",
                        "content": "Thứ 6, 22:02 12/08/2022"
                    }
                ]
            },
            "contact": {
                "header": "Thông tin liên hệ",
                "content": [
                    {
                        "name": "Liên hệ:",
                        "content": "Thanh Thơ"
                    },
                    {
                        "name": "Điện thoại:",
                        "content": "0986411535"
                    },
                    {
                        "name": "Zalo",
                        "content": "0986411535"
                    }
                ]
            }
        },
        {
            "images": [
                "https://pt123.cdn.static123.com/images/thumbs/900x600/fit/2022/08/06/54fb5059-64a6-4e24-bdaf-ac27781554a2_1659723886.jpg",
                "https://pt123.cdn.static123.com/images/thumbs/900x600/fit/2022/08/06/d97f01f1-c106-496e-96ec-478e80ef121f_1659723875.jpg",
                "https://pt123.cdn.static123.com/images/thumbs/900x600/fit/2022/08/06/b7c86f3c-8c65-48c9-a080-917de36fba56_1659723877.jpg",
                "https://pt123.cdn.static123.com/images/thumbs/900x600/fit/2022/08/06/c62cff74-2f0d-46d0-bb62-672c8a005303_1659723875.jpg",
                "https://pt123.cdn.static123.com/images/thumbs/900x600/fit/2022/08/06/625a39f5-ac30-4ee3-8667-5eb3ad91f34f_1659723877.jpg",
                "https://pt123.cdn.static123.com/images/thumbs/900x600/fit/2022/08/06/dbc10c4a-04b1-4938-b19a-f3db001eddcd_1659723879.jpg",
                "https://pt123.cdn.static123.com/images/thumbs/900x600/fit/2022/08/06/d6468178-ef22-428e-8377-6cdeaef621e5_1659723881.jpg",
                "https://pt123.cdn.static123.com/images/thumbs/900x600/fit/2022/08/06/28ce3bd4-b708-4711-bfd7-9153149a854e_1659723881.jpg",
                "https://pt123.cdn.static123.com/images/thumbs/900x600/fit/2022/08/06/3575cd52-9162-4af0-a4dc-733a43396750_1659723884.jpg",
                "https://pt123.cdn.static123.com/images/thumbs/900x600/fit/2022/08/06/bb30e9dc-8748-43a5-8f79-370577da3611_1659723884.jpg",
                "https://pt123.cdn.static123.com/images/thumbs/900x600/fit/2022/08/06/fbe1d04e-af8e-4a51-91eb-ab18b32b09bf_1659723885.jpg",
                "https://pt123.cdn.static123.com/images/thumbs/900x600/fit/2022/08/06/54fb5059-64a6-4e24-bdaf-ac27781554a2_1659723886.jpg",
                "https://pt123.cdn.static123.com/images/thumbs/900x600/fit/2022/08/06/d97f01f1-c106-496e-96ec-478e80ef121f_1659723875.jpg"
            ],
            "header": {
                "title": "Căn Hộ Duplex ban công ngay KCX , Phú Mỹ Hưng và các trường ĐH Q7",
                "star": "2",
                "class": {
                    "content": "Chuyên mục: Cho thuê căn hộ Quận 7",
                    "classType": "Cho thuê căn hộ Quận 7"
                },
                "address": "Địa chỉ: Đường Trần Trọng Cung, Phường Tân Thuận Đông, Quận 7, Hồ Chí Minh",
                "attributes": {
                    "price": "5.8 triệu/tháng",
                    "acreage": "32m2",
                    "published": "Hôm nay",
                    "hashtag": "605460"
                }
            },
            "mainContent": {
                "header": "Thông tin mô tả",
                "content": [
                    "Căn hộ dịch vụ mới xây, Có ban công, full nội thất, có bếp, cửa sổ ban công, ngay sát bên Vincom Nam Long, khu trung tâm Quận 7, cách Phú Mỹ Hưng 3 km. Giá thuê chỉ từ 5.8 tr/tháng.",
                    "1. Vị trí thuận tiện:",
                    "- Địa chỉ : Đường Trần Trọng Cũng ngay khu dân cư Nam Long.",
                    "- Đường rộng 2 ô tô đi được.",
                    "- Sát bên Vincom Nam Long (đường Trần Trọng CUng).",
                    "- Mất 5 phút để ra các trục đường lớn: Trần Trọng cung, Huỳnh Tấn Phát, Lý Phục Man, Nguyễn Thị Thập, Nguyễn Văn Linh, cầu Phú Mỹ.",
                    "- Gần trường ĐH Tôn Đức Thắng, trường ĐH Nguyễn Tất Thành, trường trung cấp kinh tế - kỹ thuật, nhà hàng tiệc cưới Duyên Hải.",
                    "- Tiện ích mua sắm đầy đủ, gì cũng có.",
                    "2. Tiện ích.",
                    "- Nội thất đầy đủ 100%, có bếp.",
                    "- Có tủ áo quần bằng gỗ sang trọng.",
                    "- Tivi truyền hình cáp nhiều kênh, wifi cực mạnh.",
                    "- Máy lạnh tiết kiệm điện, mới 100%.",
                    "- Có máy giặt, máy sấy đầy đủ.",
                    "- Hầm để xe sạch sẽ và rộng rãi.",
                    "- Toilet rộng rãi, sạch sẽ, sang trọng.",
                    "3. An ninh:",
                    "+ Nhà được giám sát bằng hệ thống camera 24/24.",
                    "+ Nằm trong khu quân đội, các cơ quan nhà nước nên rất an ninh.",
                    "+ Ở chung với người có trí thức, ý thức cao.",
                    "4. Giá phòng.",
                    "- 5,8 tr/ tháng.",
                    "- Điện 3.5 nghìn/kwh.",
                    "- Nước: 25 nghìn / m3",
                    "- Phí quản lý: 150k / phòng",
                    "- Máy giặt + sấy 100 nghìn/người.",
                    "* Gọi ngay: 0583.165.215 (Hà Phiếu ) để xem phòng nha các bạn."
                ]
            },
            "overview": {
                "header": "Đặc điểm tin đăng",
                "content": [
                    {
                        "name": "Mã tin:",
                        "content": "#605460"
                    },
                    {
                        "name": "Khu vực",
                        "content": "Cho thuê căn hộ Hồ Chí Minh"
                    },
                    {
                        "name": "Loại tin rao:",
                        "content": "Cho thuê căn hộ"
                    },
                    {
                        "name": "Đối tượng thuê:",
                        "content": "Tất cả"
                    },
                    {
                        "name": "Gói tin:",
                        "content": "Tin VIP 3"
                    },
                    {
                        "name": "Ngày đăng:",
                        "content": "Thứ 7, 01:25 06/08/2022"
                    },
                    {
                        "name": "Ngày hết hạn:",
                        "content": "Thứ 3, 01:25 16/08/2022"
                    }
                ]
            },
            "contact": {
                "header": "Thông tin liên hệ",
                "content": [
                    {
                        "name": "Liên hệ:",
                        "content": "BÙI HÀ PHIẾU"
                    },
                    {
                        "name": "Điện thoại:",
                        "content": "0583165215"
                    },
                    {
                        "name": "Zalo",
                        "content": "0583165215"
                    }
                ]
            }
        },
        {
            "images": [
                "https://pt123.cdn.static123.com/images/thumbs/900x600/fit/2022/08/06/11_1659754120.jpg",
                "https://pt123.cdn.static123.com/images/thumbs/900x600/fit/2022/08/06/1_1659754112.jpg",
                "https://pt123.cdn.static123.com/images/thumbs/900x600/fit/2022/08/06/2_1659754112.jpg",
                "https://pt123.cdn.static123.com/images/thumbs/900x600/fit/2022/08/06/3_1659754113.jpg",
                "https://pt123.cdn.static123.com/images/thumbs/900x600/fit/2022/08/06/4_1659754114.jpg",
                "https://pt123.cdn.static123.com/images/thumbs/900x600/fit/2022/08/06/5_1659754115.jpg",
                "https://pt123.cdn.static123.com/images/thumbs/900x600/fit/2022/08/06/6_1659754115.jpg",
                "https://pt123.cdn.static123.com/images/thumbs/900x600/fit/2022/08/06/7_1659754117.jpg",
                "https://pt123.cdn.static123.com/images/thumbs/900x600/fit/2022/08/06/8_1659754117.jpg",
                "https://pt123.cdn.static123.com/images/thumbs/900x600/fit/2022/08/06/9_1659754118.jpg",
                "https://pt123.cdn.static123.com/images/thumbs/900x600/fit/2022/08/06/10_1659754118.jpg",
                "https://pt123.cdn.static123.com/images/thumbs/900x600/fit/2022/08/06/11_1659754120.jpg",
                "https://pt123.cdn.static123.com/images/thumbs/900x600/fit/2022/08/06/1_1659754112.jpg"
            ],
            "header": {
                "title": "Căn Hộ Full Nội Thất Gần ĐH TDTU - RMIT - UFM",
                "class": {
                    "content": "Chuyên mục: Cho thuê căn hộ mini Quận 7",
                    "classType": "Cho thuê căn hộ mini Quận 7"
                },
                "address": "Địa chỉ: Đường Nguyễn Thị Thập, Phường Tân Hưng, Quận 7, Hồ Chí Minh",
                "attributes": {
                    "price": "5 triệu/tháng",
                    "acreage": "35m2",
                    "published": "8 phút trước",
                    "hashtag": "605467"
                }
            },
            "mainContent": {
                "header": "Thông tin mô tả",
                "content": [
                    "CHDV Studio ̣̂ ̂́",
                    "Vị trí: Ngay Lotte Mart Q7",
                    "Gần đại học TDT, Tài chính - Marketing, Big C, Vincom Trần Trọng Cung, chợ, cửa hàng tiện lợi,...",
                    "Căn hộ full nội thất, cửa sổ, ban công thoáng",
                    "Giờ giấc tự do, không chung chủ",
                    "Thang máy rộng",
                    "Internet tốc độ cao",
                    "Camera an ninh",
                    "Giá công khai các dạng:",
                    "Dạng phòng Studio Full NT: 4tr - 8tr",
                    "Dạng phòng Duplex Full NT: 5tr5 - 7tr5",
                    "Dạng phòng 1PN Full NT: 6tr2 - 8tr",
                    "---------------------------------------",
                    "Căn hộ dịch vụ, chung cư, phòng trọ cho thuê",
                    "Call, Imess, Zalo..."
                ]
            },
            "overview": {
                "header": "Đặc điểm tin đăng",
                "content": [
                    {
                        "name": "Mã tin:",
                        "content": "#605467"
                    },
                    {
                        "name": "Khu vực",
                        "content": "Cho thuê căn hộ mini Hồ Chí Minh"
                    },
                    {
                        "name": "Loại tin rao:",
                        "content": "Cho thuê căn hộ mini"
                    },
                    {
                        "name": "Đối tượng thuê:",
                        "content": "Tất cả"
                    },
                    {
                        "name": "Gói tin:",
                        "content": "Tin thường"
                    },
                    {
                        "name": "Ngày đăng:",
                        "content": "Thứ 4, 16:51 10/08/2022"
                    },
                    {
                        "name": "Ngày hết hạn:",
                        "content": "Thứ 3, 09:50 16/08/2022"
                    }
                ]
            },
            "contact": {
                "header": "Thông tin liên hệ",
                "content": [
                    {
                        "name": "Liên hệ:",
                        "content": "Đặng Ngọc Hải"
                    },
                    {
                        "name": "Điện thoại:",
                        "content": "0907852513"
                    },
                    {
                        "name": "Zalo",
                        "content": "0907852513"
                    }
                ]
            }
        },
        {
            "images": [
                "https://pt123.cdn.static123.com/images/thumbs/900x600/fit/2022/06/17/e_1655458831.jpg",
                "https://pt123.cdn.static123.com/images/thumbs/900x600/fit/2022/06/17/a-copy_1655458826.jpg",
                "https://pt123.cdn.static123.com/images/thumbs/900x600/fit/2022/06/17/c-copy_1655458829.jpg",
                "https://pt123.cdn.static123.com/images/thumbs/900x600/fit/2022/06/17/b-copy_1655458828.jpg",
                "https://pt123.cdn.static123.com/images/thumbs/900x600/fit/2022/06/17/d_1655458831.jpg",
                "https://pt123.cdn.static123.com/images/thumbs/900x600/fit/2022/06/17/4_1655458826.jpg",
                "https://pt123.cdn.static123.com/images/thumbs/900x600/fit/2022/06/17/e_1655458831.jpg",
                "https://pt123.cdn.static123.com/images/thumbs/900x600/fit/2022/06/17/a-copy_1655458826.jpg"
            ],
            "header": {
                "title": "Căn Hộ Đầy Đủ Nội Thất Cao Cấp - Thoáng Mát - Ngay Công Viên Phần Mềm Quang Trung",
                "class": {
                    "content": "Chuyên mục: Cho thuê căn hộ dịch vụ Quận 12",
                    "classType": "Cho thuê căn hộ dịch vụ Quận 12"
                },
                "address": "Địa chỉ: Đường Tô Ký, Phường Trung Mỹ Tây, Quận 12, Hồ Chí Minh",
                "attributes": {
                    "price": "5 triệu/tháng",
                    "acreage": "25m2",
                    "published": "18 phút trước",
                    "hashtag": "602626"
                }
            },
            "mainContent": {
                "header": "Thông tin mô tả",
                "content": [
                    "CHO THUÊ CĂN HỘ DỊCH VỤ FULL NỘI THẤT CAO CẤP TẠI QUẬN 12",
                    "Trung Mỹ Tây 14A, phường Trung Mỹ Tây, quận 12",
                    "5.000.000 - 5.500.000 (studio full nội thất)",
                    "Nội thất bao gồm: tủ lạnh, bàn ghế, giường nệm, tivi, kệ bếp tủ bếp, tủ quần áo, máy giặt riêng, máy lạnh, bếp từ đơn/đôi (tùy phòng)",
                    "Vị trí:",
                    "- Gần bến xe An Sương, siêu thị, khu ăn uống, gần chợ",
                    "- Hẻm thông các đường lớn, có nhiều toà nhà sát bên",
                    "- Khu nhân viên văn phòng, sinh viên rất yên tĩnh, thoải mái.",
                    "Căn hộ rộng, đẹp, mới, sang trọng, thông thoáng, đầy đủ tiện nghi, có các phòng ngủ bên trọng cực thoải mái.",
                    "Có thang máy, wifi riêng từng phòng, nước nóng lạnh",
                    "Hầm xe có bảo vệ trông coi 24/7",
                    "Giờ giấc tự do, chìa khóa riêng và có thẻ từ, không chung chủ.",
                    "Chi phí khác:",
                    "Điện: 4000đ/kwh",
                    "Nước: 100k/người",
                    "Xe: 100k/xe",
                    "Phí dịch vụ: 170k/phòng",
                    "Liên hệ Trang: 0707.142.793 (call/zalo) để được tư vấn và hỗ trợ xem phòng trực tiếp"
                ]
            },
            "overview": {
                "header": "Đặc điểm tin đăng",
                "content": [
                    {
                        "name": "Mã tin:",
                        "content": "#602626"
                    },
                    {
                        "name": "Khu vực",
                        "content": "Cho thuê căn hộ dịch vụ Hồ Chí Minh"
                    },
                    {
                        "name": "Loại tin rao:",
                        "content": "Cho thuê căn hộ dịch vụ"
                    },
                    {
                        "name": "Đối tượng thuê:",
                        "content": "Tất cả"
                    },
                    {
                        "name": "Gói tin:",
                        "content": "Tin thường"
                    },
                    {
                        "name": "Ngày đăng:",
                        "content": "Thứ 4, 16:42 10/08/2022"
                    },
                    {
                        "name": "Ngày hết hạn:",
                        "content": "Thứ 7, 16:42 20/08/2022"
                    }
                ]
            },
            "contact": {
                "header": "Thông tin liên hệ",
                "content": [
                    {
                        "name": "Liên hệ:",
                        "content": "Thùy Trang"
                    },
                    {
                        "name": "Điện thoại:",
                        "content": "0707142793"
                    },
                    {
                        "name": "Zalo",
                        "content": "0707142793"
                    }
                ]
            }
        },
        {
            "images": [
                "https://pt123.cdn.static123.com/images/thumbs/900x600/fit/2022/08/10/296348417-738372713887128-6048708028025215440-n_1660122047.jpg",
                "https://pt123.cdn.static123.com/images/thumbs/900x600/fit/2022/08/10/7a1ee97ab8d47a8a23c5_1660122044.jpg",
                "https://pt123.cdn.static123.com/images/thumbs/900x600/fit/2022/08/10/294866629-790603075478683-380523175494387534-n_1660122044.jpg",
                "https://pt123.cdn.static123.com/images/thumbs/900x600/fit/2022/08/10/295963912-770557270752046-5464226347728935073-n_1660122045.jpg",
                "https://pt123.cdn.static123.com/images/thumbs/900x600/fit/2022/08/10/296193651-5221475574614569-2647882546404923386-n_1660122046.jpg",
                "https://pt123.cdn.static123.com/images/thumbs/900x600/fit/2022/08/10/296278866-619034856135108-1740782864365488821-n_1660122046.jpg",
                "https://pt123.cdn.static123.com/images/thumbs/900x600/fit/2022/08/10/296348417-738372713887128-6048708028025215440-n_1660122047.jpg",
                "https://pt123.cdn.static123.com/images/thumbs/900x600/fit/2022/08/10/7a1ee97ab8d47a8a23c5_1660122044.jpg"
            ],
            "header": {
                "title": "CHO THUÊ CĂN HỘ Ecolife Riverside TP. QUI NHƠN",
                "class": {
                    "content": "Chuyên mục: Cho thuê căn hộ Thành Phố Quy Nhơn",
                    "classType": "Cho thuê căn hộ Thành Phố Quy Nhơn"
                },
                "address": "Địa chỉ: Điện Biên Phủ, Phường Nhơn Phú, Thành Phố Quy Nhơn, Bình Định",
                "attributes": {
                    "price": "6.5 triệu/tháng",
                    "acreage": "64m2",
                    "published": "58 phút trước",
                    "hashtag": "605694"
                }
            },
            "mainContent": {
                "header": "Thông tin mô tả",
                "content": [
                    "Diện tích : 64m2.",
                    "- Gồm 2 Phòng ngủ, 2 tolet, phòng khách , phòng bếp. Hồ bơi ở đây rất rộng.",
                    "- Nội thất hoàn thiện.",
                    "- View thoáng. Ban công rộng rãi.",
                    "- Tiện ích xung quanh, gần chợ, trường học mầm non tầng 1",
                    "- Giá cho thuê: 6.500.000đ/tháng ( Bao Phí quản lý 1 năm)"
                ]
            },
            "overview": {
                "header": "Đặc điểm tin đăng",
                "content": [
                    {
                        "name": "Mã tin:",
                        "content": "#605694"
                    },
                    {
                        "name": "Khu vực",
                        "content": "Cho thuê căn hộ Bình Định"
                    },
                    {
                        "name": "Loại tin rao:",
                        "content": "Cho thuê căn hộ"
                    },
                    {
                        "name": "Đối tượng thuê:",
                        "content": "Tất cả"
                    },
                    {
                        "name": "Gói tin:",
                        "content": "Tin miễn phí"
                    },
                    {
                        "name": "Ngày đăng:",
                        "content": "Thứ 4, 16:02 10/08/2022"
                    },
                    {
                        "name": "Ngày hết hạn:",
                        "content": "Thứ 2, 16:02 15/08/2022"
                    }
                ]
            },
            "contact": {
                "header": "Thông tin liên hệ",
                "content": [
                    {
                        "name": "Liên hệ:",
                        "content": "Trương Đình Tiến"
                    },
                    {
                        "name": "Điện thoại:",
                        "content": "0974422927"
                    },
                    {
                        "name": "Zalo",
                        "content": "0974422927"
                    }
                ]
            }
        },
        {
            "images": [
                "https://pt123.cdn.static123.com/images/thumbs/900x600/fit/2022/08/10/03bc35f0-c6fa-4429-be6d-33f9375bc1e5_1660121327.jpg",
                "https://pt123.cdn.static123.com/images/thumbs/900x600/fit/2022/08/10/1d290d68-aeb5-44d5-b7a7-dec0522e85be_1660121326.jpg",
                "https://pt123.cdn.static123.com/images/thumbs/900x600/fit/2022/08/10/8a721088-9f25-45da-8b3f-81bf11dda521_1660121326.jpg",
                "https://pt123.cdn.static123.com/images/thumbs/900x600/fit/2022/08/10/5a234074-18cc-4bf3-b904-6804f00584ca_1660121326.jpg",
                "https://pt123.cdn.static123.com/images/thumbs/900x600/fit/2022/08/10/d0b845d2-bff2-45b5-baf5-cb174caf3461_1660121326.jpg",
                "https://pt123.cdn.static123.com/images/thumbs/900x600/fit/2022/08/10/588941a3-cacf-4ebd-b409-31b3b03d1cb4_1660121327.jpg",
                "https://pt123.cdn.static123.com/images/thumbs/900x600/fit/2022/08/10/63e11d8a-4ebb-4385-ac0f-0a6edc409ab1_1660121327.jpg",
                "https://pt123.cdn.static123.com/images/thumbs/900x600/fit/2022/08/10/9e4ce4c7-7c7e-4341-adea-1bbe1ba3745f_1660121327.jpg",
                "https://pt123.cdn.static123.com/images/thumbs/900x600/fit/2022/08/10/bb4b0e49-f33b-42fd-9220-a8fd71c96909_1660121327.jpg",
                "https://pt123.cdn.static123.com/images/thumbs/900x600/fit/2022/08/10/03bc35f0-c6fa-4429-be6d-33f9375bc1e5_1660121327.jpg",
                "https://pt123.cdn.static123.com/images/thumbs/900x600/fit/2022/08/10/1d290d68-aeb5-44d5-b7a7-dec0522e85be_1660121326.jpg"
            ],
            "header": {
                "title": "Phòng Tâng lửng Tân Bình full nội thất gia siêu rẻ",
                "class": {
                    "content": "Chuyên mục: Cho thuê căn hộ mini Quận Tân Bình",
                    "classType": "Cho thuê căn hộ mini Quận Tân Bình"
                },
                "address": "Địa chỉ: Đường Tân Hải, Phường 13, Quận Tân Bình, Hồ Chí Minh",
                "attributes": {
                    "price": "5 triệu/tháng",
                    "acreage": "35m2",
                    "published": "1 giờ trước",
                    "hashtag": "605693"
                }
            },
            "mainContent": {
                "header": "Thông tin mô tả",
                "content": [
                    "Thiết kế: phòng có máy lạnh, cửa sổ mở ra giếng trời, nhà vệ sinh trong phòng, thoáng mát",
                    "Nội thất: Máy lạnh, tủ lạnh, tủ áo, giường, nệm, bàn ghế, tủ bếp có bồn rửa",
                    "Máy giặt dùng chung và phơi đồ trên sân thượng",
                    "Không chung chủ, giờ giấc tự do, giữ xe trong nhà",
                    "Điện: 4000hwh",
                    "Nước : 100/ người",
                    "Phí dịch vụ: 150k/ phòng"
                ]
            },
            "overview": {
                "header": "Đặc điểm tin đăng",
                "content": [
                    {
                        "name": "Mã tin:",
                        "content": "#605693"
                    },
                    {
                        "name": "Khu vực",
                        "content": "Cho thuê căn hộ mini Hồ Chí Minh"
                    },
                    {
                        "name": "Loại tin rao:",
                        "content": "Cho thuê căn hộ mini"
                    },
                    {
                        "name": "Đối tượng thuê:",
                        "content": "Tất cả"
                    },
                    {
                        "name": "Gói tin:",
                        "content": "Tin thường"
                    },
                    {
                        "name": "Ngày đăng:",
                        "content": "Thứ 4, 15:52 10/08/2022"
                    },
                    {
                        "name": "Ngày hết hạn:",
                        "content": "Thứ 7, 15:52 20/08/2022"
                    }
                ]
            },
            "contact": {
                "header": "Thông tin liên hệ",
                "content": [
                    {
                        "name": "Liên hệ:",
                        "content": "Zin Tân Bình"
                    },
                    {
                        "name": "Điện thoại:",
                        "content": "0396042732"
                    },
                    {
                        "name": "Zalo",
                        "content": "0396042732"
                    }
                ]
            }
        },
        {
            "images": [
                "https://pt123.cdn.static123.com/images/thumbs/900x600/fit/2022/07/25/z3592543415619-0605b3a9b59968ad554809976e2588b4_1658740699.jpg",
                "https://pt123.cdn.static123.com/images/thumbs/900x600/fit/2022/07/25/z3592543415516-c214b26c41bdbe953b42d5e4fe9ae942_1658740699.jpg",
                "https://pt123.cdn.static123.com/images/thumbs/900x600/fit/2022/07/25/z3592543415619-0605b3a9b59968ad554809976e2588b4_1658740699.jpg",
                "https://pt123.cdn.static123.com/images/thumbs/900x600/fit/2022/07/25/z3592543415516-c214b26c41bdbe953b42d5e4fe9ae942_1658740699.jpg"
            ],
            "header": {
                "title": "Cho Thuê Căn hộ Góc 59m2, 69m2, 81m2 khu Origami đại đô thị Vinhomes Grand Park Quận 9. (Các căn góc đẹp - Giá siêu tốt)",
                "class": {
                    "content": "Chuyên mục: Cho thuê căn hộ Quận 9",
                    "classType": "Cho thuê căn hộ Quận 9"
                },
                "address": "Địa chỉ: S7.05 Đường Nguyễn Xiển, Phường Long Thạnh Mỹ, Quận 9, Hồ Chí Minh",
                "attributes": {
                    "price": "5.9 triệu/tháng",
                    "acreage": "70m2",
                    "published": "1 giờ trước",
                    "hashtag": "276599"
                }
            },
            "mainContent": {
                "header": "Thông tin mô tả",
                "content": [
                    "Tôi hiện có các căn góc ở Phân Khu Origami – đại đô thị Vinhomes Grand Park Quận 9 mới nhận nhà cần cho thuê:",
                    "+ Căn góc 59m2 – 2 Phòng Ngủ đã trang bị sẵn nội thất cơ bản gồm: Tủ bếp hoàn chỉnh được thiết kế rất đẹp, rèm cửa trang bị đủ các phòng.",
                    "+ Căn góc 69m2 – 2 Phòng Ngủ + đã trang bị sẵn Nội thất Gồm: Tủ bếp hoàn chỉnh và rèm cửa. (hoặc căn hộ cơ bản có máy lạnh).",
                    "+ Căn góc 81m2 – 3 Phòng Ngủ với Full nội thất cao cấp gồm: Tủ bếp hiện đại, rèm cửa, Giường, tủ áo, bàn ăn, sofa … (thiết kế riêng rất đẳng cấp).",
                    "- Các căn hộ đều được lựa chọn kỹ khi đều là căn góc thoáng mát, View: vườn la hán Nhật, view nội khu rất đẹp với giá cho thuê cam kết siêu cạnh tranh.",
                    "- 100% là hình thật từ tầm view, nội thất, chủ nhà mới chận chưa ai ở còn mùi sơn mới và sẵn thẻ cư dân, nhà trống giao ngay.",
                    "- Tất cả các tiện ích: Hồ bơi, sân bóng bàn, bóng đá, quần vợt và công viên 36ha … đều miễn phí. (Có thêm xe bus điện của Vin rất đẹp và hiện đại )",
                    "Vị Trí Thuận tiện: Gần khu công nghệ cao, Đại Học: FPT, Sư Phạm Kỹ Thuật …, sát Bên Quận 2 …",
                    "+ Là nơi lý tưởng cho 01 gia đình, sinh viên, nhân viên văn phòng ở và làm việc …",
                    "Giá siêu cạnh tranh: 5.9 Triệu – 7.5 Triệu – 12.5 Triêu/tháng",
                    "Liên hệ: 0937.554.570 (A.Hoàng) ."
                ]
            },
            "overview": {
                "header": "Đặc điểm tin đăng",
                "content": [
                    {
                        "name": "Mã tin:",
                        "content": "#276599"
                    },
                    {
                        "name": "Khu vực",
                        "content": "Cho thuê căn hộ Hồ Chí Minh"
                    },
                    {
                        "name": "Loại tin rao:",
                        "content": "Cho thuê căn hộ"
                    },
                    {
                        "name": "Đối tượng thuê:",
                        "content": "Tất cả"
                    },
                    {
                        "name": "Gói tin:",
                        "content": "Tin thường"
                    },
                    {
                        "name": "Ngày đăng:",
                        "content": "Thứ 4, 15:44 10/08/2022"
                    },
                    {
                        "name": "Ngày hết hạn:",
                        "content": "Thứ 4, 10:08 24/08/2022"
                    }
                ]
            },
            "contact": {
                "header": "Thông tin liên hệ",
                "content": [
                    {
                        "name": "Liên hệ:",
                        "content": "hoangle2706"
                    },
                    {
                        "name": "Điện thoại:",
                        "content": "0937554570"
                    },
                    {
                        "name": "Zalo",
                        "content": "0937554570"
                    }
                ]
            }
        },
        {
            "images": [
                "https://pt123.cdn.static123.com/images/thumbs/900x600/fit/2022/08/05/img-1659710873407-1659710889836_1659712134.jpg",
                "https://pt123.cdn.static123.com/images/thumbs/900x600/fit/2022/08/05/img-1659710874006-1659710890335_1659712133.jpg",
                "https://pt123.cdn.static123.com/images/thumbs/900x600/fit/2022/08/05/img-1659710873542-1659710890073_1659712131.jpg",
                "https://pt123.cdn.static123.com/images/thumbs/900x600/fit/2022/08/05/img-1659710873842-1659710890268_1659712131.jpg",
                "https://pt123.cdn.static123.com/images/thumbs/900x600/fit/2022/08/05/img-1659710874469-1659710890541_1659712132.jpg",
                "https://pt123.cdn.static123.com/images/thumbs/900x600/fit/2022/08/05/img-1659710873643-1659710890143_1659712132.jpg",
                "https://pt123.cdn.static123.com/images/thumbs/900x600/fit/2022/08/05/img-1659710874599-1659710890606_1659712133.jpg",
                "https://pt123.cdn.static123.com/images/thumbs/900x600/fit/2022/08/05/img-1659710874317-1659710890471_1659712133.jpg",
                "https://pt123.cdn.static123.com/images/thumbs/900x600/fit/2022/08/05/img-1659710874150-1659710890403_1659712133.jpg",
                "https://pt123.cdn.static123.com/images/thumbs/900x600/fit/2022/08/05/img-1659710873718-1659710890213_1659712134.jpg",
                "https://pt123.cdn.static123.com/images/thumbs/900x600/fit/2022/08/05/img-1659710873487-1659710889971_1659712134.jpg",
                "https://pt123.cdn.static123.com/images/thumbs/900x600/fit/2022/08/05/img-1659710873407-1659710889836_1659712134.jpg",
                "https://pt123.cdn.static123.com/images/thumbs/900x600/fit/2022/08/05/img-1659710874006-1659710890335_1659712133.jpg"
            ],
            "header": {
                "title": "Căn hộ mini ngay Himlam bao đẹp sát lotte quận 7",
                "class": {
                    "content": "Chuyên mục: Cho thuê căn hộ mini Quận 7",
                    "classType": "Cho thuê căn hộ mini Quận 7"
                },
                "address": "Địa chỉ: Đường D1, Quận 7, Hồ Chí Minh",
                "attributes": {
                    "price": "6.5 triệu/tháng",
                    "acreage": "20m2",
                    "published": "2 giờ trước",
                    "hashtag": "605447"
                }
            },
            "mainContent": {
                "header": "Thông tin mô tả",
                "content": [
                    "Bên mình còn hai phòng trong tòa chung cư 6 tầng ngay Himlam Q7, phòng giá 6tr500",
                    "Phòng có sẵn máy lạnh , kệ bếp , toilet , rộng từ 20-25m2.",
                    "Nằm ngay trung tâm q7 nên đi lại thuận tiện giao thông, gần đường lớn , siêu thị , trường học , trung tâm mua sắm chỉ mất 5p chạy xe . Dân cư đông, an ninh tốt, tiện ích quán ăn, cửa hàng...",
                    "Để xe trong nhà an ninh, sạch sẽ, thoáng mát, rộng rãi.",
                    "Camera, nhân viên trông coi, hỗ trợ sửa chữa lắp đặt nội thất ko mất phí",
                    "Phòng đang trống vào ở ngay ALO trước để được xem và tìm cho mình phòng như ý .",
                    "Call: 0777.077.612 (gọi trực tiếp hoặc nhắn zalo)",
                    "#chothue #chothuequan7 #canhomini #himlam #chothuephong #chothuecanhomini #chungcu"
                ]
            },
            "overview": {
                "header": "Đặc điểm tin đăng",
                "content": [
                    {
                        "name": "Mã tin:",
                        "content": "#605447"
                    },
                    {
                        "name": "Khu vực",
                        "content": "Cho thuê căn hộ mini Hồ Chí Minh"
                    },
                    {
                        "name": "Loại tin rao:",
                        "content": "Cho thuê căn hộ mini"
                    },
                    {
                        "name": "Đối tượng thuê:",
                        "content": "Tất cả"
                    },
                    {
                        "name": "Gói tin:",
                        "content": "Tin thường"
                    },
                    {
                        "name": "Ngày đăng:",
                        "content": "Thứ 4, 14:27 10/08/2022"
                    },
                    {
                        "name": "Ngày hết hạn:",
                        "content": "Thứ 2, 22:09 15/08/2022"
                    }
                ]
            },
            "contact": {
                "header": "Thông tin liên hệ",
                "content": [
                    {
                        "name": "Liên hệ:",
                        "content": "An An"
                    },
                    {
                        "name": "Điện thoại:",
                        "content": "0777077612"
                    },
                    {
                        "name": "Zalo",
                        "content": "0777077612"
                    }
                ]
            }
        },
        {
            "images": [
                "https://pt123.cdn.static123.com/images/thumbs/900x600/fit/2022/08/06/img-1659177688778-1659773379857_1659777936.jpg",
                "https://pt123.cdn.static123.com/images/thumbs/900x600/fit/2022/08/06/img-1659177688786-1659773379964_1659777936.jpg",
                "https://pt123.cdn.static123.com/images/thumbs/900x600/fit/2022/08/06/img-1659177688789-1659773380041_1659777934.jpg",
                "https://pt123.cdn.static123.com/images/thumbs/900x600/fit/2022/08/06/img-1659177688796-1659773380228_1659777934.jpg",
                "https://pt123.cdn.static123.com/images/thumbs/900x600/fit/2022/08/06/img-1659177688791-1659773380112_1659777934.jpg",
                "https://pt123.cdn.static123.com/images/thumbs/900x600/fit/2022/08/06/img-1659177688798-1659773380296_1659777934.jpg",
                "https://pt123.cdn.static123.com/images/thumbs/900x600/fit/2022/08/06/img-1659177688794-1659773380182_1659777935.jpg",
                "https://pt123.cdn.static123.com/images/thumbs/900x600/fit/2022/08/06/img-1659177688774-1659773379779_1659777935.jpg",
                "https://pt123.cdn.static123.com/images/thumbs/900x600/fit/2022/08/06/img-1659177688763-1659773379414_1659777935.jpg",
                "https://pt123.cdn.static123.com/images/thumbs/900x600/fit/2022/08/06/img-1659177688782-1659773379911_1659777936.jpg",
                "https://pt123.cdn.static123.com/images/thumbs/900x600/fit/2022/08/06/img-1659177688778-1659773379857_1659777936.jpg",
                "https://pt123.cdn.static123.com/images/thumbs/900x600/fit/2022/08/06/img-1659177688786-1659773379964_1659777936.jpg"
            ],
            "header": {
                "title": "Căn hộ 1 phòng ngủ sát lotte full nội thất quận 7",
                "class": {
                    "content": "Chuyên mục: Cho thuê căn hộ mini Quận 7",
                    "classType": "Cho thuê căn hộ mini Quận 7"
                },
                "address": "Địa chỉ: Phường Tân Quy, Quận 7, Hồ Chí Minh",
                "attributes": {
                    "price": "6.4 triệu/tháng",
                    "acreage": "30m2",
                    "published": "2 giờ trước",
                    "hashtag": "605488"
                }
            },
            "mainContent": {
                "header": "Thông tin mô tả",
                "content": [
                    "Đặc điểm:",
                    "+ Phòng rất rộng từ 25m2 - 35m2",
                    "+ PHÒNG CÓ NỘI THẤT: máy lạnh, tủ áo, bàn ăn cơm, giường, nệm, quạt, tivi, tủ lạnh,....... căn hộ mini cho không gian sống lý tưởng.",
                    "+ Có cửa sổ thông ra trời mát mẻ cả ngày, 1 số phòng có ban công phía ngoài.",
                    "+ Giờ giấc tự do, về lúc nào cũng được.",
                    "+ Không chung chủ",
                    "+ Có máy giặt",
                    "+ Wifi mạnh, Có chổ phơi đồ rộng rãi",
                    "+ Cửa ra vào mở bằng vân tay, nhà xe có camera chống trộm 24/24",
                    "+ Ngay Khu Biệt Thự dân trí cao, đường trước nhà rộng 16m, gần chợ, siêu thị, trung tâm.........",
                    "+ Xem phòng đảm bảo thích ngay",
                    "Liên hệ: An số điện thoại, hoặc nhắn tin zaloo nhé - 0777.077.612",
                    "#chothue",
                    "#canhomini",
                    "#cănhominiq7"
                ]
            },
            "overview": {
                "header": "Đặc điểm tin đăng",
                "content": [
                    {
                        "name": "Mã tin:",
                        "content": "#605488"
                    },
                    {
                        "name": "Khu vực",
                        "content": "Cho thuê căn hộ mini Hồ Chí Minh"
                    },
                    {
                        "name": "Loại tin rao:",
                        "content": "Cho thuê căn hộ mini"
                    },
                    {
                        "name": "Đối tượng thuê:",
                        "content": "Tất cả"
                    },
                    {
                        "name": "Gói tin:",
                        "content": "Tin thường"
                    },
                    {
                        "name": "Ngày đăng:",
                        "content": "Thứ 4, 14:26 10/08/2022"
                    },
                    {
                        "name": "Ngày hết hạn:",
                        "content": "Thứ 3, 16:25 16/08/2022"
                    }
                ]
            },
            "contact": {
                "header": "Thông tin liên hệ",
                "content": [
                    {
                        "name": "Liên hệ:",
                        "content": "An An"
                    },
                    {
                        "name": "Điện thoại:",
                        "content": "0777077612"
                    },
                    {
                        "name": "Zalo",
                        "content": "0777077612"
                    }
                ]
            }
        },
        {
            "images": [
                "https://pt123.cdn.static123.com/images/thumbs/900x600/fit/2022/08/06/img-1659528711095-1659530169709_1659778239.jpg",
                "https://pt123.cdn.static123.com/images/thumbs/900x600/fit/2022/08/06/img-1659528711632-1659530170099_1659778237.jpg",
                "https://pt123.cdn.static123.com/images/thumbs/900x600/fit/2022/08/06/img-1659528711556-1659530170048_1659778237.jpg",
                "https://pt123.cdn.static123.com/images/thumbs/900x600/fit/2022/08/06/img-1659528711714-1659530170161_1659778237.jpg",
                "https://pt123.cdn.static123.com/images/thumbs/900x600/fit/2022/08/06/img-1659528711494-1659530169997_1659778237.jpg",
                "https://pt123.cdn.static123.com/images/thumbs/900x600/fit/2022/08/06/img-1659528711415-1659530169944_1659778238.jpg",
                "https://pt123.cdn.static123.com/images/thumbs/900x600/fit/2022/08/06/img-1659528711040-1659530169561_1659778238.jpg",
                "https://pt123.cdn.static123.com/images/thumbs/900x600/fit/2022/08/06/img-1659528711254-1659530169837_1659778238.jpg",
                "https://pt123.cdn.static123.com/images/thumbs/900x600/fit/2022/08/06/img-1659528711344-1659530169895_1659778238.jpg",
                "https://pt123.cdn.static123.com/images/thumbs/900x600/fit/2022/08/06/img-1659528711192-1659530169774_1659778239.jpg",
                "https://pt123.cdn.static123.com/images/thumbs/900x600/fit/2022/08/06/img-1659528711095-1659530169709_1659778239.jpg",
                "https://pt123.cdn.static123.com/images/thumbs/900x600/fit/2022/08/06/img-1659528711632-1659530170099_1659778237.jpg"
            ],
            "header": {
                "title": "Căn hộ mini đầy ấp ánh sáng mới tinh sát lotte Q7",
                "class": {
                    "content": "Chuyên mục: Cho thuê căn hộ mini Quận 7",
                    "classType": "Cho thuê căn hộ mini Quận 7"
                },
                "address": "Địa chỉ: Đường Nguyễn Thị Thập, Phường Tân Phong, Quận 7, Hồ Chí Minh",
                "attributes": {
                    "price": "7 triệu/tháng",
                    "acreage": "22m2",
                    "published": "2 giờ trước",
                    "hashtag": "605489"
                }
            },
            "mainContent": {
                "header": "Thông tin mô tả",
                "content": [
                    "Mới Tinh Full Nội Thất Ngay đường Nguyễn thị thập, khu tân quy đông đi vào quận 7",
                    "Nội thất cao cấp và đầy đủ, chỉ việc xách vali vào ở",
                    "Không gian điểm nhấn thiết kế phong cách nhẹ nhàng sang trọng mang đến cho khách hàng sự an yên",
                    "Nằm trong khu sầm uất, gần nhiều hàng quán, coffee, chợ, cửa hàng tiện lợi trong bán kính 500m.",
                    "⏰Giờ giấc tự do, không chung chủ.",
                    "Thuận tiện đi lại giữa các quận",
                    "Liên hệ: 0777.077.612 (gọi trực tiếp hoặc nhắn tin zalo)",
                    "#chothue #chothuequan7 #canhomini #himlam #chothuephong #chothuecanhomini #chungcu"
                ]
            },
            "overview": {
                "header": "Đặc điểm tin đăng",
                "content": [
                    {
                        "name": "Mã tin:",
                        "content": "#605489"
                    },
                    {
                        "name": "Khu vực",
                        "content": "Cho thuê căn hộ mini Hồ Chí Minh"
                    },
                    {
                        "name": "Loại tin rao:",
                        "content": "Cho thuê căn hộ mini"
                    },
                    {
                        "name": "Đối tượng thuê:",
                        "content": "Tất cả"
                    },
                    {
                        "name": "Gói tin:",
                        "content": "Tin thường"
                    },
                    {
                        "name": "Ngày đăng:",
                        "content": "Thứ 4, 14:26 10/08/2022"
                    },
                    {
                        "name": "Ngày hết hạn:",
                        "content": "Thứ 3, 16:30 16/08/2022"
                    }
                ]
            },
            "contact": {
                "header": "Thông tin liên hệ",
                "content": [
                    {
                        "name": "Liên hệ:",
                        "content": "An An"
                    },
                    {
                        "name": "Điện thoại:",
                        "content": "0777077612"
                    },
                    {
                        "name": "Zalo",
                        "content": "0777077612"
                    }
                ]
            }
        },
        {
            "images": [
                "https://pt123.cdn.static123.com/images/thumbs/900x600/fit/2020/06/01/img-1590980061476-1590980066812_1590981186.jpg",
                "https://pt123.cdn.static123.com/images/thumbs/900x600/fit/2020/06/01/img-1590980061081-1590980066620_1590981186.jpg",
                "https://pt123.cdn.static123.com/images/thumbs/900x600/fit/2020/06/01/img-1590980061867-1590980066927_1590981185.jpg",
                "https://pt123.cdn.static123.com/images/thumbs/900x600/fit/2020/06/01/img-1590980061672-1590980066865_1590981185.jpg",
                "https://pt123.cdn.static123.com/images/thumbs/900x600/fit/2020/06/01/img-1590980061257-1590980066748_1590981186.jpg",
                "https://pt123.cdn.static123.com/images/thumbs/900x600/fit/2020/06/01/img-1590980061476-1590980066812_1590981186.jpg",
                "https://pt123.cdn.static123.com/images/thumbs/900x600/fit/2020/06/01/img-1590980061081-1590980066620_1590981186.jpg"
            ],
            "header": {
                "title": "Căn hộ mới xây chưa qua sử dụng, ngay Hoàng Hoa Thám, Bình Thạnh bạn hãy người đầu tiên sở hữu, (phòng như hình 1000%)",
                "class": {
                    "content": "Chuyên mục: Cho thuê căn hộ Quận Bình Thạnh",
                    "classType": "Cho thuê căn hộ Quận Bình Thạnh"
                },
                "address": "Địa chỉ: Đường Hoàng Hoa Thám, Phường 7, Quận Bình Thạnh, Hồ Chí Minh",
                "attributes": {
                    "price": "7.5 triệu/tháng",
                    "acreage": "40m2",
                    "published": "2 giờ trước",
                    "hashtag": "303794"
                }
            },
            "mainContent": {
                "header": "Thông tin mô tả",
                "content": [
                    "ĐỪNG VỘI BỎ QUA CĂN HỘ XINH LUNG LINH NÀY , BẠN SẼ TIẾC ĐẤY!",
                    "Căn hộ mới xây chưa qua sử dụng, bạn hãy người đầu tiên sở hữu, (phòng như hình 1000%)",
                    "56D Lê Trực, phường 7, quận Bình Thạnh",
                    "- Phòng thiết kế theo phong cách hiện đại, trẻ trung",
                    "-️ Full nội thất không thiếu thứ gì, chỉ cần xách balo vô ở",
                    "- Ban công siêu đẹp, thoáng mát, hầm gửi xe ngay bên dưới nhà, cửa cuốn, camera an ninh, thang máy hiện đại",
                    "- ️Nội thất gồm : giường, nệm, chăn, ra, gối, tủ áo lớn, tủ lạnh lớn, bộ bàn ghế sofa, kệ bếp, máy lạnh, máy nước nóng..",
                    "Điện 4k/kw",
                    "Nước 100k/ người",
                    "wifi, giữ xe, dọn vệ sinh, hỗ trợ kĩ thuật free",
                    "=>>>>Gọi cho mình ngay bạn nhé:",
                    "0933598239",
                    "(vui lòng gọi hoặc inbox trước giúp mình)"
                ]
            },
            "overview": {
                "header": "Đặc điểm tin đăng",
                "content": [
                    {
                        "name": "Mã tin:",
                        "content": "#303794"
                    },
                    {
                        "name": "Khu vực",
                        "content": "Cho thuê căn hộ Hồ Chí Minh"
                    },
                    {
                        "name": "Loại tin rao:",
                        "content": "Cho thuê căn hộ"
                    },
                    {
                        "name": "Đối tượng thuê:",
                        "content": "Tất cả"
                    },
                    {
                        "name": "Gói tin:",
                        "content": "Tin thường"
                    },
                    {
                        "name": "Ngày đăng:",
                        "content": "Thứ 4, 14:16 10/08/2022"
                    },
                    {
                        "name": "Ngày hết hạn:",
                        "content": "Thứ 7, 14:16 20/08/2022"
                    }
                ]
            },
            "contact": {
                "header": "Thông tin liên hệ",
                "content": [
                    {
                        "name": "Liên hệ:",
                        "content": "Trần thanh hải"
                    },
                    {
                        "name": "Điện thoại:",
                        "content": "0933598239"
                    },
                    {
                        "name": "Zalo",
                        "content": "0933598239"
                    }
                ]
            }
        },
        {
            "images": [
                "https://pt123.cdn.static123.com/images/thumbs/900x600/fit/2021/04/09/z2424914262678-e1e1c884e5db156b42184146443f535c_1617942780.jpg",
                "https://pt123.cdn.static123.com/images/thumbs/900x600/fit/2021/04/09/z2424914249891-7cb9b721f4dddc8b263f8105be4b073e_1617942774.jpg",
                "https://pt123.cdn.static123.com/images/thumbs/900x600/fit/2021/04/09/z2424914252175-8054a25b3d6d793752360dc7654e94da_1617942774.jpg",
                "https://pt123.cdn.static123.com/images/thumbs/900x600/fit/2021/04/09/z2424914256971-c568aa022fe302378274d38f7d8a8bc3_1617942777.jpg",
                "https://pt123.cdn.static123.com/images/thumbs/900x600/fit/2021/04/09/z2424914259888-b1e38f28a6d2a74f02f2dcf6c339eadf_1617942777.jpg",
                "https://pt123.cdn.static123.com/images/thumbs/900x600/fit/2021/04/09/z2424914262678-e1e1c884e5db156b42184146443f535c_1617942780.jpg",
                "https://pt123.cdn.static123.com/images/thumbs/900x600/fit/2021/04/09/z2424914249891-7cb9b721f4dddc8b263f8105be4b073e_1617942774.jpg"
            ],
            "header": {
                "title": "Căn hộ full NT 40m2 ngay D1 Bình Thạnh",
                "class": {
                    "content": "Chuyên mục: Cho thuê căn hộ dịch vụ Quận Bình Thạnh",
                    "classType": "Cho thuê căn hộ dịch vụ Quận Bình Thạnh"
                },
                "address": "Địa chỉ: 156 Đường D1, Phường 25, Quận Bình Thạnh, Hồ Chí Minh",
                "attributes": {
                    "price": "7.5 triệu/tháng",
                    "acreage": "40m2",
                    "published": "2 giờ trước",
                    "hashtag": "585449"
                }
            },
            "mainContent": {
                "header": "Thông tin mô tả",
                "content": [
                    "️️ MỘT SIÊU PHẨM ĐỈNH CỦA CHÓP Ở D1 P.25 Q.BÌNH THẠNH ️️",
                    "156 Nguyễn Văn Thương (A22 D1), Phường 25, Quận Bình Thạnh",
                    "Phòng diện tích 40m2 ,nội thất siêu hiện đại",
                    "Nhà có hầm gửi xe, cửa cuốn an ninh, có thang máy.",
                    "Phòng tiện nghi : Giường, nệm, tủ quần áo siêu to , siêu khổng lồ, tủ lạnh, máy lạnh, bàn ăn, thảm lông, toilet riêng hiện đại.",
                    "Vị trí thuận lợi: gần các siêu thị, trường học, bệnh viện, ô tô có thể vào tận nhà.",
                    "View landmark 81.",
                    "GIỜ GIẤC TỰ DO, không chung chủ.",
                    "Chỉ tính tiền điện, nước, wifi.",
                    "Free Máy giặt, vệ sinh, để xe free, hỗ trợ kĩ thuật free.",
                    "Tất cả các phòng đều mới 100%, thoáng mát",
                    "LH hải 0933598239"
                ]
            },
            "overview": {
                "header": "Đặc điểm tin đăng",
                "content": [
                    {
                        "name": "Mã tin:",
                        "content": "#585449"
                    },
                    {
                        "name": "Khu vực",
                        "content": "Cho thuê căn hộ dịch vụ Hồ Chí Minh"
                    },
                    {
                        "name": "Loại tin rao:",
                        "content": "Cho thuê căn hộ dịch vụ"
                    },
                    {
                        "name": "Đối tượng thuê:",
                        "content": "Tất cả"
                    },
                    {
                        "name": "Gói tin:",
                        "content": "Tin thường"
                    },
                    {
                        "name": "Ngày đăng:",
                        "content": "Thứ 4, 14:14 10/08/2022"
                    },
                    {
                        "name": "Ngày hết hạn:",
                        "content": "Thứ 7, 14:14 20/08/2022"
                    }
                ]
            },
            "contact": {
                "header": "Thông tin liên hệ",
                "content": [
                    {
                        "name": "Liên hệ:",
                        "content": "Trần thanh hải"
                    },
                    {
                        "name": "Điện thoại:",
                        "content": "0933598239"
                    },
                    {
                        "name": "Zalo",
                        "content": "0933598239"
                    }
                ]
            }
        },
        {
            "images": [
                "https://pt123.cdn.static123.com/images/thumbs/900x600/fit/2021/12/12/acfe5ec5-27ca-4864-80d5-045097e95b83_1639324508.jpg",
                "https://pt123.cdn.static123.com/images/thumbs/900x600/fit/2021/12/12/411fcef9-6d2e-45e1-acd7-94579d55b9e5_1639324407.jpg",
                "https://pt123.cdn.static123.com/images/thumbs/900x600/fit/2021/12/12/8d0ddefe-48fd-4941-8995-45fc5335a5c8_1639324506.jpg",
                "https://pt123.cdn.static123.com/images/thumbs/900x600/fit/2021/12/12/847160b1-9cfd-462c-a764-f542945d6ba6_1639324401.jpg",
                "https://pt123.cdn.static123.com/images/thumbs/900x600/fit/2021/12/12/6bc9d7ec-8241-454e-963a-e49a535bfcbf_1639324506.jpg",
                "https://pt123.cdn.static123.com/images/thumbs/900x600/fit/2021/12/12/b2a9fec6-5f2b-4ce3-a503-8e4ae4794704_1639324404.jpg",
                "https://pt123.cdn.static123.com/images/thumbs/900x600/fit/2021/12/12/ca1fbb2f-8fde-4e27-a0a7-5f74e6b8c594_1639324404.jpg",
                "https://pt123.cdn.static123.com/images/thumbs/900x600/fit/2021/12/12/e731c38b-94d8-41c0-868c-c44ae29c3308_1639324405.jpg",
                "https://pt123.cdn.static123.com/images/thumbs/900x600/fit/2021/12/12/52d27d98-81cc-40a3-bcfa-30d086c3a081_1639324408.jpg",
                "https://pt123.cdn.static123.com/images/thumbs/900x600/fit/2021/12/12/acfe5ec5-27ca-4864-80d5-045097e95b83_1639324508.jpg",
                "https://pt123.cdn.static123.com/images/thumbs/900x600/fit/2021/12/12/411fcef9-6d2e-45e1-acd7-94579d55b9e5_1639324407.jpg"
            ],
            "header": {
                "title": "Studio ban công, full nội thất, gần ĐH Rmit- khu Phú mỹ Hưng, new 100%, giá giảm mùa dịch",
                "class": {
                    "content": "Chuyên mục: Cho thuê căn hộ Quận 7",
                    "classType": "Cho thuê căn hộ Quận 7"
                },
                "address": "Địa chỉ: Đường Phạm Thái Bường, Phường Tân Phong, Quận 7, Hồ Chí Minh",
                "attributes": {
                    "price": "5 triệu/tháng",
                    "acreage": "30m2",
                    "published": "2 giờ trước",
                    "hashtag": "594264"
                }
            },
            "mainContent": {
                "header": "Thông tin mô tả",
                "content": [
                    "️️* TOÀ NHÀ SIÊU XINH, PHÒNG SIÊU XỊN",
                    "Add: PHÚ MỸ HƯNG - Q7",
                    "Nội thất đầy đủ: giường, nệm, tủ quần áo, máy lạnh, máy nước nóng, tủ lạnh, kệ bếp,..",
                    "Phòng siêu xịn mà giá hạt dẻ",
                    "Giờ giấc tự do, thang máy, hầm giữ xe, .",
                    "Bảo vệ 24/24",
                    "Mọi thứ đã sẵn sàng, chỉ cần xách vali vào và ở",
                    "Ib để được tư vấn và đặt lịch xem phòng miễn phí",
                    "033.664.3754 gặp Quân"
                ]
            },
            "overview": {
                "header": "Đặc điểm tin đăng",
                "content": [
                    {
                        "name": "Mã tin:",
                        "content": "#594264"
                    },
                    {
                        "name": "Khu vực",
                        "content": "Cho thuê căn hộ Hồ Chí Minh"
                    },
                    {
                        "name": "Loại tin rao:",
                        "content": "Cho thuê căn hộ"
                    },
                    {
                        "name": "Đối tượng thuê:",
                        "content": "Tất cả"
                    },
                    {
                        "name": "Gói tin:",
                        "content": "Tin thường"
                    },
                    {
                        "name": "Ngày đăng:",
                        "content": "Thứ 4, 14:08 10/08/2022"
                    },
                    {
                        "name": "Ngày hết hạn:",
                        "content": "Thứ 7, 14:08 20/08/2022"
                    }
                ]
            },
            "contact": {
                "header": "Thông tin liên hệ",
                "content": [
                    {
                        "name": "Liên hệ:",
                        "content": "Ngô Trúc Quân"
                    },
                    {
                        "name": "Điện thoại:",
                        "content": "0336643754"
                    },
                    {
                        "name": "Zalo",
                        "content": "0336643754"
                    }
                ]
            }
        }
    ]
}