{
    "header": {
        "title": "Cho Thuê Mặt Bằng, Cho Thuê Văn Phòng, Cửa Hàng, Kiot, Mới Nhất 2022",
        "description": "Cho thuê mặt bằng - Kênh đăng tin cho thuê mặt bằng, cho thuê cửa hàng, cho thuê kiot số 1: giá rẻ, mặt tiền, khu đông dân cư, phù hợp kinh doanh."
    },
    "body": [
        {
            "images": [
                "https://pt123.cdn.static123.com/images/thumbs/900x600/fit/2022/06/22/l-p470661-2205240032-at-628bc521a44ed-1_1655846793.jpg",
                "https://pt123.cdn.static123.com/images/thumbs/900x600/fit/2022/06/22/49947625-1239512099531093-1406786949775097856-n_1655846779.jpg",
                "https://pt123.cdn.static123.com/images/thumbs/900x600/fit/2022/06/22/50012419-278459509516034-5318313970908528640-n_1655846779.jpg",
                "https://pt123.cdn.static123.com/images/thumbs/900x600/fit/2022/06/22/50730735-2249389168667360-6173524706382053376-n_1655846779.jpg",
                "https://pt123.cdn.static123.com/images/thumbs/900x600/fit/2022/06/22/50673350-811529362512515-7828540635354234880-n_1655846779.jpg",
                "https://pt123.cdn.static123.com/images/thumbs/900x600/fit/2022/06/22/50853954-219321752350543-2869661185978925056-n_1655846779.jpg",
                "https://pt123.cdn.static123.com/images/thumbs/900x600/fit/2022/06/22/l-p470661-2205240032-at-628bc521a44ed-1_1655846793.jpg",
                "https://pt123.cdn.static123.com/images/thumbs/900x600/fit/2022/06/22/49947625-1239512099531093-1406786949775097856-n_1655846779.jpg"
            ],
            "header": {
                "title": "Mặt Bằng – Văn Phòng cho thuê, mặt tiền căn góc đường xe hơi Trương Công Định, Phường 14, Tân Bình, 8x14m",
                "class": {
                    "content": "Chuyên mục: Cho thuê mặt bằng Quận Tân Bình",
                    "classType": "Cho thuê mặt bằng Quận Tân Bình"
                },
                "address": "Địa chỉ: 62/1A Đường Trương Công Định, Phường 14, Quận Tân Bình, Hồ Chí Minh",
                "attributes": {
                    "price": "16 triệu/tháng",
                    "acreage": "112m2",
                    "published": "1 giờ trước",
                    "hashtag": "602889"
                }
            },
            "mainContent": {
                "header": "Thông tin mô tả",
                "content": [
                    "+ Cho thuê Mặt Bằng – Văn Phòng đẹp và sang trọng mặt tiền tầng trệt Căn góc khu phân lô Bàu Cát, Phường 14, Quận Tân Bình.",
                    "Địa chỉ: 62/1A-B Trương Công Định, Phường 14, Quận Tân Bình, TP.HCM.",
                    "+ Diện tích: 8 x 14m .",
                    "+ Tiện ích: Bề ngang lớn 8m được t hiết kế hiện đại, riêng biệt với cửa cuốn và cửa kính cường lực rất đẹp, mặt bằng đã tách làm 2 văn phòng lớn và thiết kế sang trọng, có sân để xe có mái che và WC riêng.",
                    "+ Vị trí tuyệt vời: Toạ Lạc Khu Phân Lô Bàu Cát, Đối diện khu cao ốc chung Cư The HARMONA Trương Công Định Gần ngã ba Trường Chinh – Trương Công Định, Quận Tân Bình, , Sát ETOWN cộng hòa, Bệnh Viện Mỹ Đức, chợ Võ Thành Trang (Bà Quẹo), gần nhiều tòa cao ốc văn phòng, công ty, và nhiều trường đại học ….",
                    "+ Nhà nằm ngay vị trí Góc đường Xe Hơi trong khu dân cư sầm uất, rất đông người qua lại, ở và làm việc.",
                    "+ Là nơi lý tưởng để kinh doanh mọi ngành nghề: kinh doanh online, quán café, cơm văn phòng, ở và mở văn phòng đại diện, văn phòng công ty làm việc …",
                    "Giá rất hợp lý: 16 triệu/tháng. (Giá giảm sâu và không tăng giá sau dịch).",
                    "Từ Khóa: Văn phòng cho thuê hcm, văn phòng cho thuê quận Tân Bình, cho thuê văn phòng khu bàu cát. Cho thuê mặt bằng hcm, mặt bằng cho thuê hcm, cho thuê mặt bằng quận Tân Bình, Cho thuê mặt bằng Trương Công Định, mặt bằng cho thuê tân bình, mặt bằng cho thuê quận tân bình, cho thue mat bang hcm, mat bang cho thue hcm, mat bang cho thue tan binh …"
                ]
            },
            "overview": {
                "header": "Đặc điểm tin đăng",
                "content": [
                    {
                        "name": "Mã tin:",
                        "content": "#602889"
                    },
                    {
                        "name": "Khu vực",
                        "content": "Cho thuê mặt bằng Hồ Chí Minh"
                    },
                    {
                        "name": "Loại tin rao:",
                        "content": "Cho thuê mặt bằng"
                    },
                    {
                        "name": "Đối tượng thuê:",
                        "content": "Tất cả"
                    },
                    {
                        "name": "Gói tin:",
                        "content": "Tin thường"
                    },
                    {
                        "name": "Ngày đăng:",
                        "content": "Thứ 4, 15:44 10/08/2022"
                    },
                    {
                        "name": "Ngày hết hạn:",
                        "content": "Thứ 4, 13:44 17/08/2022"
                    }
                ]
            },
            "contact": {
                "header": "Thông tin liên hệ",
                "content": [
                    {
                        "name": "Liên hệ:",
                        "content": "hoangle2706"
                    },
                    {
                        "name": "Điện thoại:",
                        "content": "0937554570"
                    },
                    {
                        "name": "Zalo",
                        "content": "0937554570"
                    }
                ]
            }
        },
        {
            "images": [
                "https://pt123.cdn.static123.com/images/thumbs/900x600/fit/2022/08/03/z3616101876318-f4aaaa35f92150c39a20eda805347bba_1659534373.jpg",
                "https://pt123.cdn.static123.com/images/thumbs/900x600/fit/2022/08/03/z3616101882588-eebb0cb7b8a09dbe1059720934a7766d_1659534366.jpg",
                "https://pt123.cdn.static123.com/images/thumbs/900x600/fit/2022/08/03/z3616101873988-a316d97d58e26015ab53341d8f813458_1659534369.jpg",
                "https://pt123.cdn.static123.com/images/thumbs/900x600/fit/2022/08/03/z3616101876318-f4aaaa35f92150c39a20eda805347bba_1659534373.jpg",
                "https://pt123.cdn.static123.com/images/thumbs/900x600/fit/2022/08/03/z3616101882588-eebb0cb7b8a09dbe1059720934a7766d_1659534366.jpg"
            ],
            "header": {
                "title": "Cho thuê mặt bằng mặt tiền đường Quận 4. Làm VP, Spa, Nail, Tóc",
                "class": {
                    "content": "Chuyên mục: Cho thuê mặt bằng Quận 4",
                    "classType": "Cho thuê mặt bằng Quận 4"
                },
                "address": "Địa chỉ: 12, Phường 6, Quận 4, Hồ Chí Minh",
                "attributes": {
                    "price": "10 triệu/tháng",
                    "acreage": "32m2",
                    "published": "6 giờ trước",
                    "hashtag": "605337"
                }
            },
            "mainContent": {
                "header": "Thông tin mô tả",
                "content": [
                    "- Chính chủ gửi cho thuê mặt bằng, mặt tiền đường nội bộ đường số Quận 4",
                    "- Mặt bằng nằm gần đường Hoàng Diệu, đường Khánh Hội và đường 45, khu dân cư đông đúc, buôn bán sầm uất, an ninh...",
                    "- Mặt bằng có chỗ đậu xe ôtô, có lối đi riêng-không chung chủ, có vách ngăn, có toilet riêng",
                    "- Diện tích: 4m x 8m = 32m2",
                    "- Mặt bằng thích hơp cho thuê văn phòng, nhà thuốc, Spa, Nail, Tóc...",
                    "- Ưu tiên văn phòng ký hợp đồng thuê dài hạn",
                    "- Chi tiết vui lòng gọi Chúng tôi 0768919886 để được tư vấn và xem nhà, mặt bằng thực tế",
                    "Cảm ơn Anh, Chị đã xem tin!"
                ]
            },
            "overview": {
                "header": "Đặc điểm tin đăng",
                "content": [
                    {
                        "name": "Mã tin:",
                        "content": "#605337"
                    },
                    {
                        "name": "Khu vực",
                        "content": "Cho thuê mặt bằng Hồ Chí Minh"
                    },
                    {
                        "name": "Loại tin rao:",
                        "content": "Cho thuê mặt bằng"
                    },
                    {
                        "name": "Đối tượng thuê:",
                        "content": "Tất cả"
                    },
                    {
                        "name": "Gói tin:",
                        "content": "Tin thường"
                    },
                    {
                        "name": "Ngày đăng:",
                        "content": "Thứ 4, 10:39 10/08/2022"
                    },
                    {
                        "name": "Ngày hết hạn:",
                        "content": "Thứ 7, 20:49 13/08/2022"
                    }
                ]
            },
            "contact": {
                "header": "Thông tin liên hệ",
                "content": [
                    {
                        "name": "Liên hệ:",
                        "content": "Quang Minh Phú"
                    },
                    {
                        "name": "Điện thoại:",
                        "content": "0768919886"
                    },
                    {
                        "name": "Zalo",
                        "content": "0768919886"
                    }
                ]
            }
        },
        {
            "images": [],
            "header": {
                "title": "CHO THUÊ MẶT BẰNG 4X16 , đường nội bộ 12 mét",
                "class": {
                    "content": "Chuyên mục: Cho thuê mặt bằng Quận 8",
                    "classType": "Cho thuê mặt bằng Quận 8"
                },
                "address": "Địa chỉ: Đường Cao Lỗ, Phường 4, Quận 8, Hồ Chí Minh",
                "attributes": {
                    "price": "3 triệu/tháng",
                    "acreage": "70m2",
                    "published": "8 giờ trước",
                    "hashtag": "605629"
                }
            },
            "mainContent": {
                "header": "Thông tin mô tả",
                "content": [
                    "CHO THUÊ MẶT BẰNG 4X16, ĐƯỜNG NỘI BỘ 12 MÉT",
                    "PHÍA TRƯỚC CÔNG VIÊN NỘI BỘ, THƯỜNG XUYÊN CÓ NGƯỜI QUA LẠI SINH HOẠT.",
                    "ĐƯỜNG MẬT ĐỘ DÂN CƯ Ở ĐÔNG , XE CỘ LƯU THÔNG NHIỀU",
                    "CÓ CHỖ ĐẬU OTO, VÀ BẾP NẤU RIÊNG VÀ TOLET RIÊNG.",
                    "CÓ THỂ TĂNG THÊM DIỆN TÍCH KINH DOANH KHI CẦN THIẾT."
                ]
            },
            "overview": {
                "header": "Đặc điểm tin đăng",
                "content": [
                    {
                        "name": "Mã tin:",
                        "content": "#605629"
                    },
                    {
                        "name": "Khu vực",
                        "content": "Cho thuê mặt bằng Hồ Chí Minh"
                    },
                    {
                        "name": "Loại tin rao:",
                        "content": "Cho thuê mặt bằng"
                    },
                    {
                        "name": "Đối tượng thuê:",
                        "content": "Tất cả"
                    },
                    {
                        "name": "Gói tin:",
                        "content": "Tin miễn phí"
                    },
                    {
                        "name": "Ngày đăng:",
                        "content": "Thứ 4, 08:06 10/08/2022"
                    },
                    {
                        "name": "Ngày hết hạn:",
                        "content": "Thứ 2, 08:06 15/08/2022"
                    }
                ]
            },
            "contact": {
                "header": "Thông tin liên hệ",
                "content": [
                    {
                        "name": "Liên hệ:",
                        "content": "Hồng Nhật"
                    },
                    {
                        "name": "Điện thoại:",
                        "content": "0764997999"
                    },
                    {
                        "name": "Zalo",
                        "content": "0764997999"
                    }
                ]
            }
        },
        {
            "images": [
                "https://pt123.cdn.static123.com/images/thumbs/900x600/fit/2022/08/09/z2481579063887-ef645bffdb876dba706f36f7fa7807d3_1660016274.jpg",
                "https://pt123.cdn.static123.com/images/thumbs/900x600/fit/2022/08/09/957a0bd906d4f38aaac5_1660016271.jpg",
                "https://pt123.cdn.static123.com/images/thumbs/900x600/fit/2022/08/09/67694dcf40c2b59cecd3_1660016272.jpg",
                "https://pt123.cdn.static123.com/images/thumbs/900x600/fit/2022/08/09/f3bcdf16d21b27457e0a_1660016274.jpg",
                "https://pt123.cdn.static123.com/images/thumbs/900x600/fit/2022/08/09/z2481579063887-ef645bffdb876dba706f36f7fa7807d3_1660016274.jpg",
                "https://pt123.cdn.static123.com/images/thumbs/900x600/fit/2022/08/09/957a0bd906d4f38aaac5_1660016271.jpg"
            ],
            "header": {
                "title": "CHO THUÊ MBKD PHỐ ĐẠI LINH, MỄ TRÌ, TỐ HỮU",
                "class": {
                    "content": "Chuyên mục: Cho thuê mặt bằng Quận Nam Từ Liêm",
                    "classType": "Cho thuê mặt bằng Quận Nam Từ Liêm"
                },
                "address": "Địa chỉ: 50 Đại Linh, Phường Trung Văn, Quận Nam Từ Liêm, Hà Nội",
                "attributes": {
                    "price": "5 triệu/tháng",
                    "acreage": "30m2",
                    "published": "1 ngày trước",
                    "hashtag": "605605"
                }
            },
            "mainContent": {
                "header": "Thông tin mô tả",
                "content": [
                    "MBKD 54 Phố Đại Linh Trung Văn Nam Từ Liêm Hà Nội",
                    "Vị Trí: Gần Big C Thăng Long, Trung Tâm Hội Nghị Quốc Gia, Mĩ Trì, Tố Hữu, Trung Văn",
                    "Diện Tích:30m2"
                ]
            },
            "overview": {
                "header": "Đặc điểm tin đăng",
                "content": [
                    {
                        "name": "Mã tin:",
                        "content": "#605605"
                    },
                    {
                        "name": "Khu vực",
                        "content": "Cho thuê mặt bằng Hà Nội"
                    },
                    {
                        "name": "Loại tin rao:",
                        "content": "Cho thuê mặt bằng"
                    },
                    {
                        "name": "Đối tượng thuê:",
                        "content": "Tất cả"
                    },
                    {
                        "name": "Gói tin:",
                        "content": "Tin thường"
                    },
                    {
                        "name": "Ngày đăng:",
                        "content": "Thứ 3, 10:38 09/08/2022"
                    },
                    {
                        "name": "Ngày hết hạn:",
                        "content": "Thứ 3, 10:38 23/08/2022"
                    }
                ]
            },
            "contact": {
                "header": "Thông tin liên hệ",
                "content": [
                    {
                        "name": "Liên hệ:",
                        "content": "Trần Văn Định"
                    },
                    {
                        "name": "Điện thoại:",
                        "content": "0377896738"
                    },
                    {
                        "name": "Zalo",
                        "content": "0377896738"
                    }
                ]
            }
        },
        {
            "images": [
                "https://pt123.cdn.static123.com/images/thumbs/900x600/fit/2022/08/09/nha-kho-4x25-binh-hung-tuan-vo_1660012214.jpg",
                "https://pt123.cdn.static123.com/images/thumbs/900x600/fit/2022/08/09/297266415-1261827064619879-3464409040708031226-n_1660011826.jpg",
                "https://pt123.cdn.static123.com/images/thumbs/900x600/fit/2022/08/09/295974218-1256959398439979-4074236444705390993-n_1660011872.jpg",
                "https://pt123.cdn.static123.com/images/thumbs/900x600/fit/2022/08/09/nha-kho-4x25-binh-hung-tuan-vo_1660012214.jpg",
                "https://pt123.cdn.static123.com/images/thumbs/900x600/fit/2022/08/09/297266415-1261827064619879-3464409040708031226-n_1660011826.jpg"
            ],
            "header": {
                "title": "Cho thuê Nhà, Kho, Bãi Phong Phú, Đa Phước, Bình Chánh",
                "class": {
                    "content": "Chuyên mục: Cho thuê mặt bằng Huyện Bình Chánh",
                    "classType": "Cho thuê mặt bằng Huyện Bình Chánh"
                },
                "address": "Địa chỉ: Huyện Bình Chánh, Hồ Chí Minh",
                "attributes": {
                    "price": "8 triệu/tháng",
                    "acreage": "100m2",
                    "published": "1 ngày trước",
                    "hashtag": "605599"
                }
            },
            "mainContent": {
                "header": "Thông tin mô tả",
                "content": [
                    "CHO THUÊ NHÀ Ở, HOẶC LÀM KHO",
                    "Diện tích 100m2, 200m2 tới 600m2",
                    "Đường rộng từ 3 tới 10m",
                    "Giá từ 8 triệu tới 25 triệu/tháng",
                    "Khu vực dọc theo Quốc Lộ 50, Các xã Bình Hưng, Phong Phú và Đa Phước huyện Bình Chánh",
                    "Đường rộng, hẻm to, xe tải, xe cont chạy chạy tới kho. Thuận tiện giao thương giữa tuyến QL50, Nguyễn Văn Linh về Các Cảng trong Sài Gòn, Cảng Long An và các tỉnh miền Tây.",
                    "Do có 5 kho như trên nên không đang cụ thể hết. Em dẫn đi xem từng kho. Khách hàng nói chuyện và thương lượng trực tiếp với chủ.",
                    "DẪN ĐI XEM MIỄN PHÍ KHÔNG LẤY TIỀN CAFE CÀO PHÁO GÌ HẾT",
                    "Cảm ơn đã xem tin !!!"
                ]
            },
            "overview": {
                "header": "Đặc điểm tin đăng",
                "content": [
                    {
                        "name": "Mã tin:",
                        "content": "#605599"
                    },
                    {
                        "name": "Khu vực",
                        "content": "Cho thuê mặt bằng Hồ Chí Minh"
                    },
                    {
                        "name": "Loại tin rao:",
                        "content": "Cho thuê mặt bằng"
                    },
                    {
                        "name": "Đối tượng thuê:",
                        "content": "Tất cả"
                    },
                    {
                        "name": "Gói tin:",
                        "content": "Tin thường"
                    },
                    {
                        "name": "Ngày đăng:",
                        "content": "Thứ 3, 10:26 09/08/2022"
                    },
                    {
                        "name": "Ngày hết hạn:",
                        "content": "Thứ 6, 10:26 19/08/2022"
                    }
                ]
            },
            "contact": {
                "header": "Thông tin liên hệ",
                "content": [
                    {
                        "name": "Liên hệ:",
                        "content": "Nguyễn Mỹ Cảnh"
                    },
                    {
                        "name": "Điện thoại:",
                        "content": "0858700057"
                    },
                    {
                        "name": "Zalo",
                        "content": "0858700057"
                    }
                ]
            }
        },
        {
            "images": [
                "https://pt123.cdn.static123.com/images/thumbs/900x600/fit/2022/08/08/z3621379247198-6d476af60c64dfe09142a389b6327d41_1659974596.jpg",
                "https://pt123.cdn.static123.com/images/thumbs/900x600/fit/2022/08/08/z3621379227144-49b7ae622282656b4f9bf1ff12859418_1659974587.jpg",
                "https://pt123.cdn.static123.com/images/thumbs/900x600/fit/2022/08/08/z3621892005757-0fbd9ec44c50aad62f04928674a6303c_1659974587.jpg",
                "https://pt123.cdn.static123.com/images/thumbs/900x600/fit/2022/08/08/z3621379225873-58af286aeaf9a6d5029bb951bc2b1c87_1659974593.jpg",
                "https://pt123.cdn.static123.com/images/thumbs/900x600/fit/2022/08/08/z3621379247198-6d476af60c64dfe09142a389b6327d41_1659974596.jpg"
            ],
            "header": {
                "title": "Nhà nguyên căn mặt tiền đường 9*18m",
                "class": {
                    "content": "Chuyên mục: Cho thuê mặt bằng Quận 12",
                    "classType": "Cho thuê mặt bằng Quận 12"
                },
                "address": "Địa chỉ: Đường Hiệp Thành 45, Phường Hiệp Thành, Quận 12, Hồ Chí Minh",
                "attributes": {
                    "price": "30 triệu/tháng",
                    "acreage": "162m2",
                    "published": "1 ngày trước",
                    "hashtag": "605594"
                }
            },
            "mainContent": {
                "header": "Thông tin mô tả",
                "content": [
                    "- Mặt bằng kinh doanh 1 trệt 3 lầu (9*18m)",
                    "- Gần trường học vd: Thpt Võ Trường Toản;...",
                    "- Gần chợ, siêu thị,tạp hóa;..."
                ]
            },
            "overview": {
                "header": "Đặc điểm tin đăng",
                "content": [
                    {
                        "name": "Mã tin:",
                        "content": "#605594"
                    },
                    {
                        "name": "Khu vực",
                        "content": "Cho thuê mặt bằng Hồ Chí Minh"
                    },
                    {
                        "name": "Loại tin rao:",
                        "content": "Cho thuê mặt bằng"
                    },
                    {
                        "name": "Đối tượng thuê:",
                        "content": "Tất cả"
                    },
                    {
                        "name": "Gói tin:",
                        "content": "Tin miễn phí"
                    },
                    {
                        "name": "Ngày đăng:",
                        "content": "Thứ 2, 23:03 08/08/2022"
                    },
                    {
                        "name": "Ngày hết hạn:",
                        "content": "Thứ 7, 23:03 13/08/2022"
                    }
                ]
            },
            "contact": {
                "header": "Thông tin liên hệ",
                "content": [
                    {
                        "name": "Liên hệ:",
                        "content": "Trịnh Thị Ánh Tuyết"
                    },
                    {
                        "name": "Điện thoại:",
                        "content": "0983612733"
                    },
                    {
                        "name": "Zalo",
                        "content": "0983612733"
                    }
                ]
            }
        },
        {
            "images": [
                "https://pt123.cdn.static123.com/images/thumbs/900x600/fit/2022/08/08/z3627799021630-502e313a83f3416dc00a8947658d4d56_1659951487.jpg",
                "https://pt123.cdn.static123.com/images/thumbs/900x600/fit/2022/08/08/z3627799009047-85e3a277b6b30a7f95b0d91cd1c6c728_1659951487.jpg",
                "https://pt123.cdn.static123.com/images/thumbs/900x600/fit/2022/08/08/z3627799011712-6da024d854ef7538154845245e7736ae_1659951487.jpg",
                "https://pt123.cdn.static123.com/images/thumbs/900x600/fit/2022/08/08/z3627799021630-502e313a83f3416dc00a8947658d4d56_1659951487.jpg",
                "https://pt123.cdn.static123.com/images/thumbs/900x600/fit/2022/08/08/z3627799009047-85e3a277b6b30a7f95b0d91cd1c6c728_1659951487.jpg"
            ],
            "header": {
                "title": "MẶT BẰNG NGUYỄN DUY DƯƠNG Q5 GIÁ RẺ",
                "class": {
                    "content": "Chuyên mục: Cho thuê mặt bằng Quận 5",
                    "classType": "Cho thuê mặt bằng Quận 5"
                },
                "address": "Địa chỉ: 97D Đường Nguyễn Duy Dương, Phường 9, Quận 5, Hồ Chí Minh",
                "attributes": {
                    "price": "26 triệu/tháng",
                    "acreage": "45m2",
                    "published": "2 ngày trước",
                    "hashtag": "605565"
                }
            },
            "mainContent": {
                "header": "Thông tin mô tả",
                "content": [
                    "MẶT BẰNG NGAY MẶT TIỀN 97D NGUYỄN DUY DƯƠNG Q5",
                    "Ngay chợ An Đông",
                    "Gần siêu thị COORMARK AN ĐÔNG, gần các bến xe",
                    "Nhà mới dọn vô ở liền",
                    "Phù hợp kinh doanh nhiều ngành nghề",
                    "Có chỗ ngủ lại",
                    "Wc riêng",
                    "GIÁ CẢ THƯƠNG LƯỢNG",
                    "LIÊN HỆ 0936100103 A SỸ ĐỂ XEM MẶT BẰNG"
                ]
            },
            "overview": {
                "header": "Đặc điểm tin đăng",
                "content": [
                    {
                        "name": "Mã tin:",
                        "content": "#605565"
                    },
                    {
                        "name": "Khu vực",
                        "content": "Cho thuê mặt bằng Hồ Chí Minh"
                    },
                    {
                        "name": "Loại tin rao:",
                        "content": "Cho thuê mặt bằng"
                    },
                    {
                        "name": "Đối tượng thuê:",
                        "content": "Tất cả"
                    },
                    {
                        "name": "Gói tin:",
                        "content": "Tin thường"
                    },
                    {
                        "name": "Ngày đăng:",
                        "content": "Thứ 2, 16:41 08/08/2022"
                    },
                    {
                        "name": "Ngày hết hạn:",
                        "content": "Thứ 5, 16:41 18/08/2022"
                    }
                ]
            },
            "contact": {
                "header": "Thông tin liên hệ",
                "content": [
                    {
                        "name": "Liên hệ:",
                        "content": "NGUYỄN AN"
                    },
                    {
                        "name": "Điện thoại:",
                        "content": "0979144859"
                    },
                    {
                        "name": "Zalo",
                        "content": "0375174435"
                    }
                ]
            }
        },
        {
            "images": [
                "https://pt123.cdn.static123.com/images/thumbs/900x600/fit/2022/08/08/z3627099707668-9b1c146c0f4b0d41a0f66ba56c3d8b84_1659933745.jpg",
                "https://pt123.cdn.static123.com/images/thumbs/900x600/fit/2022/08/08/z3627099684005-d2b46f59a68baf70971dc8a4dbbd6d45_1659933743.jpg",
                "https://pt123.cdn.static123.com/images/thumbs/900x600/fit/2022/08/08/z3627099707627-36dadb1ab3cc5bc39b4931ea80123fb4_1659933743.jpg",
                "https://pt123.cdn.static123.com/images/thumbs/900x600/fit/2022/08/08/z3627099707668-9b1c146c0f4b0d41a0f66ba56c3d8b84_1659933745.jpg",
                "https://pt123.cdn.static123.com/images/thumbs/900x600/fit/2022/08/08/z3627099684005-d2b46f59a68baf70971dc8a4dbbd6d45_1659933743.jpg"
            ],
            "header": {
                "title": "[ CHO THUÊ MẶT BẰNG - KINH DOANH]",
                "class": {
                    "content": "Chuyên mục: Cho thuê mặt bằng Quận Nam Từ Liêm",
                    "classType": "Cho thuê mặt bằng Quận Nam Từ Liêm"
                },
                "address": "Địa chỉ: Số 10 ngõ 54 Đại Linh, Phường Trung Văn, Quận Nam Từ Liêm, Hà Nội",
                "attributes": {
                    "price": "5 triệu/tháng",
                    "acreage": "30m2",
                    "published": "2 ngày trước",
                    "hashtag": "605543"
                }
            },
            "mainContent": {
                "header": "Thông tin mô tả",
                "content": [
                    "CHO THUÊ MẶT BẰNG KINH DOANH",
                    "Diện tích : 30m2",
                    "Có điều hòa, cửa kính",
                    "Phù hợp tạp hóa, bán hàng online, văn phòng khởi nghiệp...."
                ]
            },
            "overview": {
                "header": "Đặc điểm tin đăng",
                "content": [
                    {
                        "name": "Mã tin:",
                        "content": "#605543"
                    },
                    {
                        "name": "Khu vực",
                        "content": "Cho thuê mặt bằng Hà Nội"
                    },
                    {
                        "name": "Loại tin rao:",
                        "content": "Cho thuê mặt bằng"
                    },
                    {
                        "name": "Đối tượng thuê:",
                        "content": "Tất cả"
                    },
                    {
                        "name": "Gói tin:",
                        "content": "Tin thường"
                    },
                    {
                        "name": "Ngày đăng:",
                        "content": "Thứ 2, 11:43 08/08/2022"
                    },
                    {
                        "name": "Ngày hết hạn:",
                        "content": "Thứ 5, 11:43 18/08/2022"
                    }
                ]
            },
            "contact": {
                "header": "Thông tin liên hệ",
                "content": [
                    {
                        "name": "Liên hệ:",
                        "content": "Kim Cúc"
                    },
                    {
                        "name": "Điện thoại:",
                        "content": "0973018340"
                    },
                    {
                        "name": "Zalo",
                        "content": "0973018340"
                    }
                ]
            }
        },
        {
            "images": [
                "https://pt123.cdn.static123.com/images/thumbs/900x600/fit/2022/06/15/c41653e3045dc4039d4c_1655262722.jpg",
                "https://pt123.cdn.static123.com/images/thumbs/900x600/fit/2022/06/23/26b75f21be2d7d73243c_1655961229.jpg",
                "https://pt123.cdn.static123.com/images/thumbs/900x600/fit/2022/06/15/3ab8d3cf4364833ada75_1655262719.jpg",
                "https://pt123.cdn.static123.com/images/thumbs/900x600/fit/2022/06/15/2380247c73c2b39cead3_1655262721.jpg",
                "https://pt123.cdn.static123.com/images/thumbs/900x600/fit/2022/06/15/c692696f3ed1fe8fa7c0_1655262722.jpg",
                "https://pt123.cdn.static123.com/images/thumbs/900x600/fit/2022/06/15/692db3e0e45e24007d4f_1655262721.jpg",
                "https://pt123.cdn.static123.com/images/thumbs/900x600/fit/2022/06/15/ab1094dcc362033c5a73_1655262721.jpg",
                "https://pt123.cdn.static123.com/images/thumbs/900x600/fit/2022/06/15/bd64459d1223d27d8b32_1655262721.jpg",
                "https://pt123.cdn.static123.com/images/thumbs/900x600/fit/2022/06/15/97cb123c458285dcdc93_1655262720.jpg",
                "https://pt123.cdn.static123.com/images/thumbs/900x600/fit/2022/06/15/82e628147faabff4e6bb_1655262719.jpg",
                "https://pt123.cdn.static123.com/images/thumbs/900x600/fit/2022/06/15/e632d3c3847d44231d6c_1655262722.jpg",
                "https://pt123.cdn.static123.com/images/thumbs/900x600/fit/2022/06/15/c41653e3045dc4039d4c_1655262722.jpg",
                "https://pt123.cdn.static123.com/images/thumbs/900x600/fit/2022/06/23/26b75f21be2d7d73243c_1655961229.jpg"
            ],
            "header": {
                "title": "Tôi. Quốc chính chủ cho thuê mặt bằng mặt tiền Võ Thị Sáu, Quận 1 - 105m2 - chỉ 30tr/tháng. Liên hệ: 0822141489",
                "class": {
                    "content": "Chuyên mục: Cho thuê mặt bằng Quận 1",
                    "classType": "Cho thuê mặt bằng Quận 1"
                },
                "address": "Địa chỉ: 94 Đường Võ Thị Sáu, Phường Tân Định, Quận 1, Hồ Chí Minh",
                "attributes": {
                    "price": "30 triệu/tháng",
                    "acreage": "105m2",
                    "published": "2 ngày trước",
                    "hashtag": "602457"
                }
            },
            "mainContent": {
                "header": "Thông tin mô tả",
                "content": [
                    "Tôi, Quốc chính chủ căn nhà mặt tiền 94 Võ Thị Sáu, Tân Định, quận 1. Cho thuê mặt bằng mặt tiền Võ Thị Sáu",
                    "Ngang 4,2 dài 25. Diện tích sử dụng lên đến 105m2",
                    "Không gian được thiết kế theo phong cách châu âu",
                    "Cho thuê làm văn phòng, mặt bằng kinh doanh ( không cho làm quán ăn, quán Coffe vì sợ xuống cấp nhà )",
                    "Ngay khu sầm uất, gần trường học, khu ăn uống, công viên…",
                    "Thuận tiện di chuyển các quận trung tâm.",
                    "Cho thuê hợp đồng dài hạn",
                    "Miễn môi giới",
                    "Liên hệ : 0822141489 ( Quốc )"
                ]
            },
            "overview": {
                "header": "Đặc điểm tin đăng",
                "content": [
                    {
                        "name": "Mã tin:",
                        "content": "#602457"
                    },
                    {
                        "name": "Khu vực",
                        "content": "Cho thuê mặt bằng Hồ Chí Minh"
                    },
                    {
                        "name": "Loại tin rao:",
                        "content": "Cho thuê mặt bằng"
                    },
                    {
                        "name": "Đối tượng thuê:",
                        "content": "Tất cả"
                    },
                    {
                        "name": "Gói tin:",
                        "content": "Tin thường"
                    },
                    {
                        "name": "Ngày đăng:",
                        "content": "Thứ 2, 10:54 08/08/2022"
                    },
                    {
                        "name": "Ngày hết hạn:",
                        "content": "Thứ 6, 21:24 12/08/2022"
                    }
                ]
            },
            "contact": {
                "header": "Thông tin liên hệ",
                "content": [
                    {
                        "name": "Liên hệ:",
                        "content": "Trương Quang Cường Quốc"
                    },
                    {
                        "name": "Điện thoại:",
                        "content": "0822141489"
                    },
                    {
                        "name": "Zalo",
                        "content": "0822141489"
                    }
                ]
            }
        },
        {
            "images": [
                "https://pt123.cdn.static123.com/images/thumbs/900x600/fit/2022/08/02/e233ddfd880a4a54131b-1_1659450136.jpg",
                "https://pt123.cdn.static123.com/images/thumbs/900x600/fit/2022/08/02/3a2204b151469318ca57_1659450138.jpg",
                "https://pt123.cdn.static123.com/images/thumbs/900x600/fit/2022/08/02/1458b730b4ed76b32ffc-1_1659450137.jpg",
                "https://pt123.cdn.static123.com/images/thumbs/900x600/fit/2022/08/02/60b662cc6111a34ffa00-1_1659450137.jpg",
                "https://pt123.cdn.static123.com/images/thumbs/900x600/fit/2022/08/02/5d37ce53cd8e0fd0569f-1_1659450137.jpg",
                "https://pt123.cdn.static123.com/images/thumbs/900x600/fit/2022/08/02/1e88b85abc877ed92796-1_1659450138.jpg",
                "https://pt123.cdn.static123.com/images/thumbs/900x600/fit/2022/08/02/4e0663ff3608f456ad19-1_1659450137.jpg",
                "https://pt123.cdn.static123.com/images/thumbs/900x600/fit/2022/08/02/e233ddfd880a4a54131b-1_1659450136.jpg",
                "https://pt123.cdn.static123.com/images/thumbs/900x600/fit/2022/08/02/3a2204b151469318ca57_1659450138.jpg"
            ],
            "header": {
                "title": "Cho thuê MB siêu rộng, mới 100% - 75m2 - hẻm trước nhà rộng 5m - chỉ 16tr/tháng",
                "class": {
                    "content": "Chuyên mục: Cho thuê mặt bằng Quận Bình Thạnh",
                    "classType": "Cho thuê mặt bằng Quận Bình Thạnh"
                },
                "address": "Địa chỉ: Đống Đa, Phường 2, Quận Bình Thạnh, Hồ Chí Minh",
                "attributes": {
                    "price": "16 triệu/tháng",
                    "acreage": "75m2",
                    "published": "2 ngày trước",
                    "hashtag": "605265"
                }
            },
            "mainContent": {
                "header": "Thông tin mô tả",
                "content": [
                    "Cô Thảo cho thuê Mặt bằng mặt tiền Đống Đa diện tích khủng",
                    "Giá: 16tr/tháng",
                    "Mặt bằng trệt rộng 75m2, cho thuê nguyên sàn",
                    "Có hầm và cho ở lại.",
                    "Đa tiện ích, tiện làm văn phòng, ở, kinh doanh buôn bán,..",
                    "Ngang 8.5m, dài 8.9",
                    "Lh: 0822141489 - Quốc - ( Quản lý tỏa nhà )"
                ]
            },
            "overview": {
                "header": "Đặc điểm tin đăng",
                "content": [
                    {
                        "name": "Mã tin:",
                        "content": "#605265"
                    },
                    {
                        "name": "Khu vực",
                        "content": "Cho thuê mặt bằng Hồ Chí Minh"
                    },
                    {
                        "name": "Loại tin rao:",
                        "content": "Cho thuê mặt bằng"
                    },
                    {
                        "name": "Đối tượng thuê:",
                        "content": "Tất cả"
                    },
                    {
                        "name": "Gói tin:",
                        "content": "Tin thường"
                    },
                    {
                        "name": "Ngày đăng:",
                        "content": "Thứ 2, 10:54 08/08/2022"
                    },
                    {
                        "name": "Ngày hết hạn:",
                        "content": "Thứ 6, 21:23 12/08/2022"
                    }
                ]
            },
            "contact": {
                "header": "Thông tin liên hệ",
                "content": [
                    {
                        "name": "Liên hệ:",
                        "content": "Trương Quang Cường Quốc"
                    },
                    {
                        "name": "Điện thoại:",
                        "content": "0822141489"
                    },
                    {
                        "name": "Zalo",
                        "content": "0822141489"
                    }
                ]
            }
        },
        {
            "images": [
                "https://pt123.cdn.static123.com/images/thumbs/900x600/fit/2021/01/12/dsc-0701_1610422460.jpg",
                "https://pt123.cdn.static123.com/images/thumbs/900x600/fit/2021/01/12/dsc-0668_1610422368.jpg",
                "https://pt123.cdn.static123.com/images/thumbs/900x600/fit/2021/01/12/dsc-0634_1610422451.jpg",
                "https://pt123.cdn.static123.com/images/thumbs/900x600/fit/2021/01/12/dsc-0636_1610422451.jpg",
                "https://pt123.cdn.static123.com/images/thumbs/900x600/fit/2021/01/12/dsc-0638_1610422455.jpg",
                "https://pt123.cdn.static123.com/images/thumbs/900x600/fit/2021/01/12/dsc-0696_1610422456.jpg",
                "https://pt123.cdn.static123.com/images/thumbs/900x600/fit/2021/01/12/dsc-0701_1610422460.jpg",
                "https://pt123.cdn.static123.com/images/thumbs/900x600/fit/2021/01/12/dsc-0668_1610422368.jpg"
            ],
            "header": {
                "title": "CHO THUÊ MẶT BẰNG 176 CHU VĂN AN, BÌNH THẠNH.",
                "class": {
                    "content": "Chuyên mục: Cho thuê mặt bằng Quận Bình Thạnh",
                    "classType": "Cho thuê mặt bằng Quận Bình Thạnh"
                },
                "address": "Địa chỉ: 176 Đường Chu Văn An, Phường 26, Quận Bình Thạnh, Hồ Chí Minh",
                "attributes": {
                    "price": "12 triệu/tháng",
                    "acreage": "35m2",
                    "published": "2 ngày trước",
                    "hashtag": "317622"
                }
            },
            "mainContent": {
                "header": "Thông tin mô tả",
                "content": [
                    "CHO THUÊ MẶT BẰNG 176 CHU VĂN AN, BÌNH THẠNH.",
                    "Thông tin chi tiết: NHÀ MẶT TIỀN 176 CHU VĂN AN, BÌNH THẠNH",
                    "Thích hợp làm Công ty, Văn phòng, Thẩm mỹ viện, Spa, Showroom....",
                    "Diện tích: 4m x 8m, CÓ TẦNG HẦM ĐỂ XE. CÓ TOLET RIÊNG",
                    "Ưu điểm mặt bằng nhà:",
                    "- Có tầng hầm để xe, ô tô đậu trước nhà.",
                    "- Nhà mặt tiền, có vị trí đắc địa trong khu đông dân cư, gần chợ, siêu thị, quán ăn uống, trung tâm thương mại, phòng tập gym… Ngay cửa ngõ thuận tiện đi đến Quận 1, 2, 3, bến xe miền Đông và các tính phía Bắc.",
                    "Thanh toán tiền thuê đa dạng theo mỗi 3/6/12 tháng một lần.",
                    "Tạo điều kiện thời gian di dời đến.",
                    "Hỗ trợ giá trong thời gian đầu khi thuê.",
                    "Thông tin liện hệ: Chủ nhà Mr. Vũ. Gọi điện, nhắn tin HOẶC qua zalo theo số đt liên hệ."
                ]
            },
            "overview": {
                "header": "Đặc điểm tin đăng",
                "content": [
                    {
                        "name": "Mã tin:",
                        "content": "#317622"
                    },
                    {
                        "name": "Khu vực",
                        "content": "Cho thuê mặt bằng Hồ Chí Minh"
                    },
                    {
                        "name": "Loại tin rao:",
                        "content": "Cho thuê mặt bằng"
                    },
                    {
                        "name": "Đối tượng thuê:",
                        "content": "Tất cả"
                    },
                    {
                        "name": "Gói tin:",
                        "content": "Tin thường"
                    },
                    {
                        "name": "Ngày đăng:",
                        "content": "Thứ 2, 10:21 08/08/2022"
                    },
                    {
                        "name": "Ngày hết hạn:",
                        "content": "Thứ 5, 10:21 18/08/2022"
                    }
                ]
            },
            "contact": {
                "header": "Thông tin liên hệ",
                "content": [
                    {
                        "name": "Liên hệ:",
                        "content": "Huỳnh Hoàng Vũ"
                    },
                    {
                        "name": "Điện thoại:",
                        "content": "0902995422"
                    },
                    {
                        "name": "Zalo",
                        "content": "0902995422"
                    }
                ]
            }
        },
        {
            "images": [
                "https://pt123.cdn.static123.com/images/thumbs/900x600/fit/2022/08/07/img-0800_1659856204.jpg",
                "https://pt123.cdn.static123.com/images/thumbs/900x600/fit/2022/08/07/1_1659856004.jpg",
                "https://pt123.cdn.static123.com/images/thumbs/900x600/fit/2022/08/07/2_1659856004.jpg",
                "https://pt123.cdn.static123.com/images/thumbs/900x600/fit/2022/08/07/3_1659856007.jpg",
                "https://pt123.cdn.static123.com/images/thumbs/900x600/fit/2022/08/07/4_1659856009.jpg",
                "https://pt123.cdn.static123.com/images/thumbs/900x600/fit/2022/08/07/5_1659856011.jpg",
                "https://pt123.cdn.static123.com/images/thumbs/900x600/fit/2022/08/07/6_1659856014.jpg",
                "https://pt123.cdn.static123.com/images/thumbs/900x600/fit/2022/08/07/img-0780_1659856016.jpg",
                "https://pt123.cdn.static123.com/images/thumbs/900x600/fit/2022/08/07/img-0811_1659856020.jpg",
                "https://pt123.cdn.static123.com/images/thumbs/900x600/fit/2022/08/07/l_1659856019.jpg",
                "https://pt123.cdn.static123.com/images/thumbs/900x600/fit/2022/08/07/img-0794_1659856201.jpg",
                "https://pt123.cdn.static123.com/images/thumbs/900x600/fit/2022/08/07/img-0800_1659856204.jpg",
                "https://pt123.cdn.static123.com/images/thumbs/900x600/fit/2022/08/07/1_1659856004.jpg"
            ],
            "header": {
                "title": "Cho thuê mặt bằng khu vực phường 13 Quận Tân Bình",
                "class": {
                    "content": "Chuyên mục: Cho thuê mặt bằng Quận Tân Bình",
                    "classType": "Cho thuê mặt bằng Quận Tân Bình"
                },
                "address": "Địa chỉ: 22A Thân Nhân Trung, Phường 13, Quận Tân Bình, Hồ Chí Minh",
                "attributes": {
                    "price": "16 triệu/tháng",
                    "acreage": "85m2",
                    "published": "3 ngày trước",
                    "hashtag": "605510"
                }
            },
            "mainContent": {
                "header": "Thông tin mô tả",
                "content": [
                    "- Cho thuê nhà mặt tiền chiều rộng 3,7 m, dài 23 m.",
                    "- Đường trước nhà rộng 16 m, vỉa hè rộng 4m.",
                    "- Nhà thích hợp cho việc kinh doanh, mở shop, cửa hàng.",
                    "- Nhà được thiết kế để cho thuê mặt bằng ở phía trước, mọi sinh hoạt gia đình ở phía sau bao gồm phòng ngủ, bếp, 2 nhà vệ sinh.",
                    "- Mặt tiền phù hợp với shop thời trang, đại lý vé máy bay, phòng mạch, tiệm làm tóc vv...",
                    "- Nhà nằm cách đường Cộng Hòa 200 m, cách trường Dân Lập Nguyễn Khuyến 200 m, nằm trong khu dân cư sầm uất.",
                    "- Xung quanh có đầy đủ chợ siêu thị, nhà trẻ, trường cấp 1-2-3.",
                    "* Nhà chính chủ miễn tiếp trung gian.",
                    "-",
                    "LH gặp chủ nhà: 0344.268.548 (Cô Vân)"
                ]
            },
            "overview": {
                "header": "Đặc điểm tin đăng",
                "content": [
                    {
                        "name": "Mã tin:",
                        "content": "#605510"
                    },
                    {
                        "name": "Khu vực",
                        "content": "Cho thuê mặt bằng Hồ Chí Minh"
                    },
                    {
                        "name": "Loại tin rao:",
                        "content": "Cho thuê mặt bằng"
                    },
                    {
                        "name": "Đối tượng thuê:",
                        "content": "Tất cả"
                    },
                    {
                        "name": "Gói tin:",
                        "content": "Tin thường"
                    },
                    {
                        "name": "Ngày đăng:",
                        "content": "Chủ Nhật, 14:08 07/08/2022"
                    },
                    {
                        "name": "Ngày hết hạn:",
                        "content": "Chủ Nhật, 14:08 21/08/2022"
                    }
                ]
            },
            "contact": {
                "header": "Thông tin liên hệ",
                "content": [
                    {
                        "name": "Liên hệ:",
                        "content": "Co Van"
                    },
                    {
                        "name": "Điện thoại:",
                        "content": "0344268548"
                    },
                    {
                        "name": "Zalo",
                        "content": "0344268548"
                    }
                ]
            }
        },
        {
            "images": [],
            "header": {
                "title": "Cho thuê trang trại chăn nuôi heo, có chuồng heo xây sẵn sức chứa 300 con, hệ thống điện nước đầy đủ",
                "class": {
                    "content": "Chuyên mục: Cho thuê mặt bằng Huyện Vĩnh Cửu",
                    "classType": "Cho thuê mặt bằng Huyện Vĩnh Cửu"
                },
                "address": "Địa chỉ: Đường Bửu Long, Xã Tân Bình, Huyện Vĩnh Cửu, Đồng Nai",
                "attributes": {
                    "price": "5 triệu/tháng",
                    "acreage": "1000m2",
                    "published": "06/08/2022",
                    "hashtag": "204258"
                }
            },
            "mainContent": {
                "header": "Thông tin mô tả",
                "content": [
                    "Cần cho thuê trang trại chăn nuôi heo, gấn trung tâm khu du lịch Bửu Long, Đồng Nai.",
                    "Chuồng xây sẵn, hệ thống điện nước đầy đủ.",
                    "Có nhà cấp 4 ở lại, tiện sinh hoạt, chăn nuôi, thích hợp cho gia đình yêu thích nông nghiệp, muốn phát triển mô hình vườn, ao , chuồng,...",
                    "Liên hệ: Cô Thanh 0913609230 hoặc anh Anh 0903627665"
                ]
            },
            "overview": {
                "header": "Đặc điểm tin đăng",
                "content": [
                    {
                        "name": "Mã tin:",
                        "content": "#204258"
                    },
                    {
                        "name": "Khu vực",
                        "content": "Cho thuê mặt bằng Đồng Nai"
                    },
                    {
                        "name": "Loại tin rao:",
                        "content": "Cho thuê mặt bằng"
                    },
                    {
                        "name": "Đối tượng thuê:",
                        "content": "Tất cả"
                    },
                    {
                        "name": "Gói tin:",
                        "content": "Tin thường"
                    },
                    {
                        "name": "Ngày đăng:",
                        "content": "Thứ 7, 16:01 06/08/2022"
                    },
                    {
                        "name": "Ngày hết hạn:",
                        "content": "Thứ 3, 16:01 16/08/2022"
                    }
                ]
            },
            "contact": {
                "header": "Thông tin liên hệ",
                "content": [
                    {
                        "name": "Liên hệ:",
                        "content": "thuy phan"
                    },
                    {
                        "name": "Điện thoại:",
                        "content": "0913609230"
                    },
                    {
                        "name": "Zalo",
                        "content": "0913609230"
                    }
                ]
            }
        },
        {
            "images": [],
            "header": {
                "title": "Mặt tiền trung tâm tiện mở đại lý Honda, thế giới di động, điện máy xanh,... trung tâm thị trấn Phú GIáo, Bình Dương",
                "class": {
                    "content": "Chuyên mục: Cho thuê mặt bằng Huyện Phú Giáo",
                    "classType": "Cho thuê mặt bằng Huyện Phú Giáo"
                },
                "address": "Địa chỉ: Đường Tỉnh lộ 741, Xã Phước Hòa, Huyện Phú Giáo, Bình Dương",
                "attributes": {
                    "price": "20 triệu/tháng",
                    "acreage": "750m2",
                    "published": "06/08/2022",
                    "hashtag": "242440"
                }
            },
            "mainContent": {
                "header": "Thông tin mô tả",
                "content": [
                    "Đất 2 mặt tiền. Mặt tiền đường lớn ĐT741, rộng 26m, mặt tiền hông dài 30m, đường bê tông rộng 10m, thuận tiện làm kho, nhà xưởng, đại lý xe Honda, thế giới di động hoặc mở trạm xăng.",
                    "Khu vực đông dân cư, gần khu công nghiệp, chợ, trường học, trung tâm huyện Phú Giáo",
                    "Cho thuê dài hạn, giá thuê 20tr/tháng",
                    "Liên hệ Chị Thanh: 0913 609 230 hoặc 0903627665"
                ]
            },
            "overview": {
                "header": "Đặc điểm tin đăng",
                "content": [
                    {
                        "name": "Mã tin:",
                        "content": "#242440"
                    },
                    {
                        "name": "Khu vực",
                        "content": "Cho thuê mặt bằng Bình Dương"
                    },
                    {
                        "name": "Loại tin rao:",
                        "content": "Cho thuê mặt bằng"
                    },
                    {
                        "name": "Đối tượng thuê:",
                        "content": "Tất cả"
                    },
                    {
                        "name": "Gói tin:",
                        "content": "Tin thường"
                    },
                    {
                        "name": "Ngày đăng:",
                        "content": "Thứ 7, 15:55 06/08/2022"
                    },
                    {
                        "name": "Ngày hết hạn:",
                        "content": "Thứ 3, 15:55 16/08/2022"
                    }
                ]
            },
            "contact": {
                "header": "Thông tin liên hệ",
                "content": [
                    {
                        "name": "Liên hệ:",
                        "content": "thuy phan"
                    },
                    {
                        "name": "Điện thoại:",
                        "content": "0913609230"
                    },
                    {
                        "name": "Zalo",
                        "content": "0913609230"
                    }
                ]
            }
        },
        {
            "images": [
                "https://pt123.cdn.static123.com/images/thumbs/900x600/fit/2022/08/06/z3622796646170-07a6472a310c9c45a0685abdd70c352f_1659763662.jpg",
                "https://pt123.cdn.static123.com/images/thumbs/900x600/fit/2022/08/06/z3622796640278-de3642c31f727723bd2d7adfe62ce512_1659763661.jpg",
                "https://pt123.cdn.static123.com/images/thumbs/900x600/fit/2022/08/06/z3622796632633-0d12ed1557abb63c73144e2d6c462f86_1659763660.jpg",
                "https://pt123.cdn.static123.com/images/thumbs/900x600/fit/2022/08/06/z3622796636181-824e17c8b9677f4f27c1c33398dad256_1659763660.jpg",
                "https://pt123.cdn.static123.com/images/thumbs/900x600/fit/2022/08/06/z3622796638672-b35bc1a2c24d4da531a9046ffcc9bc8c_1659763660.jpg",
                "https://pt123.cdn.static123.com/images/thumbs/900x600/fit/2022/08/06/z3622796641693-e64764e2c4fea04d97312501aadc7de2_1659763661.jpg",
                "https://pt123.cdn.static123.com/images/thumbs/900x600/fit/2022/08/06/z3622796643217-7fef7f460230adf19fd5a0042a7b01b7_1659763661.jpg",
                "https://pt123.cdn.static123.com/images/thumbs/900x600/fit/2022/08/06/z3622796649367-751bde07dbdb703eab9bdba5ed39a9af_1659763662.jpg",
                "https://pt123.cdn.static123.com/images/thumbs/900x600/fit/2022/08/06/z3622796650872-93f93a2c159c69d07394a1fd0731a7ed_1659763662.jpg",
                "https://pt123.cdn.static123.com/images/thumbs/900x600/fit/2022/08/06/z3622796647533-724463d4660d7ed1c14407d7247fb339_1659763662.jpg",
                "https://pt123.cdn.static123.com/images/thumbs/900x600/fit/2022/08/06/z3622796634356-9833d5012c4ce8e758bd021ce217808d_1659763660.jpg",
                "https://pt123.cdn.static123.com/images/thumbs/900x600/fit/2022/08/06/z3622796646170-07a6472a310c9c45a0685abdd70c352f_1659763662.jpg",
                "https://pt123.cdn.static123.com/images/thumbs/900x600/fit/2022/08/06/z3622796640278-de3642c31f727723bd2d7adfe62ce512_1659763661.jpg"
            ],
            "header": {
                "title": "Khai Trương Sàn Làm Văn Phòng Mặt Tiền Trần Quang Khải Gần Cầu Bông",
                "class": {
                    "content": "Chuyên mục: Cho thuê mặt bằng Quận 1",
                    "classType": "Cho thuê mặt bằng Quận 1"
                },
                "address": "Địa chỉ: Đường Trần Quang Khải, Phường Tân Định, Quận 1, Hồ Chí Minh",
                "attributes": {
                    "price": "50 triệu/tháng",
                    "acreage": "110m2",
                    "published": "06/08/2022",
                    "hashtag": "605478"
                }
            },
            "mainContent": {
                "header": "Thông tin mô tả",
                "content": [
                    "Hiện tại bên e cho thuê 2 sàn làm Văn Phòng ngay mặt tiền Trần Quang Khải gần với Cầu Bông một địa điểm cực kỳ đắc địa.",
                    "Sàn 1:",
                    "Diện tích 55m2 - 25Tr",
                    "Sàn 2:",
                    "Diện tích 55m2 - 25Tr",
                    "Sếp nào muốn làm luôn văn phòng rộng rãi dành cho nhân viên của mình thì làm luôn 2 sàn với tổng diện tích là: 110m2 - 50Tr.",
                    "Ngoài ra toàn nhà còn sở hữu một sân thượng với quả Views xin sò để cho có thể hóng mát và thư giãn sau những giờ làm việc chăm chỉ",
                    "️ Liên hệ trực tiếp SĐT gặp E (Trọng An) để được tư vấn, đi xem và sở hữu cho mình một Văn phòng như ý ạ."
                ]
            },
            "overview": {
                "header": "Đặc điểm tin đăng",
                "content": [
                    {
                        "name": "Mã tin:",
                        "content": "#605478"
                    },
                    {
                        "name": "Khu vực",
                        "content": "Cho thuê mặt bằng Hồ Chí Minh"
                    },
                    {
                        "name": "Loại tin rao:",
                        "content": "Cho thuê mặt bằng"
                    },
                    {
                        "name": "Đối tượng thuê:",
                        "content": "Tất cả"
                    },
                    {
                        "name": "Gói tin:",
                        "content": "Tin thường"
                    },
                    {
                        "name": "Ngày đăng:",
                        "content": "Thứ 7, 12:28 06/08/2022"
                    },
                    {
                        "name": "Ngày hết hạn:",
                        "content": "Thứ 7, 12:28 20/08/2022"
                    }
                ]
            },
            "contact": {
                "header": "Thông tin liên hệ",
                "content": [
                    {
                        "name": "Liên hệ:",
                        "content": "Phan Trọng An"
                    },
                    {
                        "name": "Điện thoại:",
                        "content": "0393995122"
                    },
                    {
                        "name": "Zalo",
                        "content": "0896430001"
                    }
                ]
            }
        },
        {
            "images": [],
            "header": {
                "title": "Mặt bằng đẹp cho bán đồ ăn đường vào sân bay",
                "class": {
                    "content": "Chuyên mục: Cho thuê mặt bằng Quận Hải Châu",
                    "classType": "Cho thuê mặt bằng Quận Hải Châu"
                },
                "address": "Địa chỉ: Đường Duy Tân, Phường Hòa Thuận Tây, Quận Hải Châu, Đà Nẵng",
                "attributes": {
                    "price": "3 triệu/tháng",
                    "acreage": "20m2",
                    "published": "03/08/2022",
                    "hashtag": "316380"
                }
            },
            "mainContent": {
                "header": "Thông tin mô tả",
                "content": [
                    "Mặt bằng đẹp cho bán hàng ăn sáng trưa, chiều, tối, khuya. Trên đường vào và gần sân bay, nơi có hàng nghìn người có nhu cầu ăn(vì trong sân bay quá đắt) gồm hành khách đi mb, nhân viên sân bay, taxi, grab...mùa covid vẫn bán cả trăm xuất. Mặt tiền có thể sử dụng 7,5m. Vỉa hè 6m. Giá 4 tr/tháng, hợp đồng 1 năm, cọc 1 tháng, trả tiền hàng tháng. Lh a cường 0888880132."
                ]
            },
            "overview": {
                "header": "Đặc điểm tin đăng",
                "content": [
                    {
                        "name": "Mã tin:",
                        "content": "#316380"
                    },
                    {
                        "name": "Khu vực",
                        "content": "Cho thuê mặt bằng Đà Nẵng"
                    },
                    {
                        "name": "Loại tin rao:",
                        "content": "Cho thuê mặt bằng"
                    },
                    {
                        "name": "Đối tượng thuê:",
                        "content": "Tất cả"
                    },
                    {
                        "name": "Gói tin:",
                        "content": "Tin thường"
                    },
                    {
                        "name": "Ngày đăng:",
                        "content": "Thứ 4, 20:13 03/08/2022"
                    },
                    {
                        "name": "Ngày hết hạn:",
                        "content": "Thứ 7, 20:13 13/08/2022"
                    }
                ]
            },
            "contact": {
                "header": "Thông tin liên hệ",
                "content": [
                    {
                        "name": "Liên hệ:",
                        "content": "Lê Đức cường"
                    },
                    {
                        "name": "Điện thoại:",
                        "content": "0888880132"
                    },
                    {
                        "name": "Zalo",
                        "content": "0888880132"
                    }
                ]
            }
        },
        {
            "images": [
                "https://pt123.cdn.static123.com/images/thumbs/900x600/fit/2022/08/03/z3464631015264-9fbfef38193dde30ab383d10ef0f60ef_1659514256.jpg",
                "https://pt123.cdn.static123.com/images/thumbs/900x600/fit/2022/08/03/z3464630844798-48bc9d567d9dd54eed2cdc3e2938c742_1659514225.jpg",
                "https://pt123.cdn.static123.com/images/thumbs/900x600/fit/2022/08/03/dien-tich-cho-thue-the-artemis-3_1659514249.jpg",
                "https://pt123.cdn.static123.com/images/thumbs/900x600/fit/2022/08/03/thiet-ke-van-phong-dep-3_1659514249.jpg",
                "https://pt123.cdn.static123.com/images/thumbs/900x600/fit/2022/08/03/z3464630718093-5ef1f089f63532837e7334b1f4e589fa_1659514250.jpg",
                "https://pt123.cdn.static123.com/images/thumbs/900x600/fit/2022/08/03/z3464630882501-5a6ab446b93ff17946c0a3e021ee322a_1659514250.jpg",
                "https://pt123.cdn.static123.com/images/thumbs/900x600/fit/2022/08/03/z3464630899496-20c384a7a7127144b1004fe333651136_1659514252.jpg",
                "https://pt123.cdn.static123.com/images/thumbs/900x600/fit/2022/08/03/z3464630971543-efc44b9cca9cf6c52604e7e6f592daf3_1659514253.jpg",
                "https://pt123.cdn.static123.com/images/thumbs/900x600/fit/2022/08/03/z3464631005076-4b1f2ab6fab5e0f6dc78ad7f74f940e5_1659514254.jpg",
                "https://pt123.cdn.static123.com/images/thumbs/900x600/fit/2022/08/03/z3464631032645-525d5f4416f0f4636f7b405045f16ae8_1659514255.jpg",
                "https://pt123.cdn.static123.com/images/thumbs/900x600/fit/2022/08/03/z3464631015264-9fbfef38193dde30ab383d10ef0f60ef_1659514256.jpg",
                "https://pt123.cdn.static123.com/images/thumbs/900x600/fit/2022/08/03/z3464630844798-48bc9d567d9dd54eed2cdc3e2938c742_1659514225.jpg"
            ],
            "header": {
                "title": "Chủ đầu tư IMG cho thuê mặt bằng tòa nhà Artemis vị trí đẹp nhất quận Thanh Xuân",
                "class": {
                    "content": "Chuyên mục: Cho thuê mặt bằng Quận Thanh Xuân",
                    "classType": "Cho thuê mặt bằng Quận Thanh Xuân"
                },
                "address": "Địa chỉ: 3 Phố Lê Trọng Tấn, Phường Khương Mai, Quận Thanh Xuân, Hà Nội",
                "attributes": {
                    "price": "350.000 đồng/tháng",
                    "acreage": "999m2",
                    "published": "03/08/2022",
                    "hashtag": "605309"
                }
            },
            "mainContent": {
                "header": "Thông tin mô tả",
                "content": [
                    "Tòa nhà Artemis, số 3 Lê Trọng Tấn với 4 mặt tiền được tọa lạc tại vị trí đắc địa: Ngã tư Trường Chinh, Tôn Thất Tùng, Lê Trọng Tấn. Với 8 tầng thương mại văn phòng được thiết kế hiện đại, dịch vụ tối ưu, phù hợp làm Ngân hàng, Văn phòng đại diện, Cửa hàng nước giải khát.",
                    "1. Vị trí:",
                    "Tòa nhà Artemis tại ngã tư Lê Trọng Tấn, Trường Chinh giao Tôn Thất Tùng,vị trí đắc địa trung tâm quận Thanh Xuân.",
                    "- Đối diện Bệnh viện đại học Y Hà Nội",
                    "- Đối diện bảo tàng Phòng Không Không Quân",
                    "- Ngã tư sở: cách 200m",
                    "- Bến xe Giáp Bát: cách 2km",
                    "- Hồ Hoàn Kiếm: cách 6km",
                    "- Cầu Vĩnh Tuy: cách 4km",
                    "2. Tổng quan:",
                    "Tổng diện tích sàn thương mại, văn phòng: 36.000 m2, view rộng, thoáng, tầm nhìn siêu đẹp bao quanh Hà Nội",
                    "- Diện tích 1 sàn: 4.500 m2",
                    "- Diện tích cho thuê linh hoạt từ 60-80-100-150-200-500-1000-2000-3000-4000 m2 theo nhu cầu sử dụng của khách hàng",
                    "- Số lượng thang máy: 08 thang máy tốc độ cao",
                    "- Tầng hầm để xe: 03 tầng hầm rộng 10.000 m2",
                    "- Sảnh văn phòng và thương mại theo tiêu chuẩn văn phòng hạng B, có lễ tân hướng hướng dẫn từ 08h15 17h15",
                    "- An ninh bảo vệ: 24/24 trực tất cả các ngày trong tuần",
                    "- Hệ thống điều hòa Chiller tòan bộ 8 tầng văn phòng thương mại",
                    "- Vệ sinh chuyên nghiệp, sạch sẽ,",
                    "- Chăm sóc khách hàng, Kỹ thuật hỗ trợ 24/7",
                    "- Hệ thống PCCC hiện đại theo tiêu chuẩn mới nhất.",
                    "3. Giá thuê: 350.000 m2/tháng",
                    "4. Liên hệ:",
                    "- Khách hàng thuê có nhu cầu liên hệ trực tiếp Chủ đầu tư: Ms Thu 0987878949",
                    "- Hoa hồng hấp dẫn từ 1,2 - 2 tháng tiền thuê cho đối tác môi giới."
                ]
            },
            "overview": {
                "header": "Đặc điểm tin đăng",
                "content": [
                    {
                        "name": "Mã tin:",
                        "content": "#605309"
                    },
                    {
                        "name": "Khu vực",
                        "content": "Cho thuê mặt bằng Hà Nội"
                    },
                    {
                        "name": "Loại tin rao:",
                        "content": "Cho thuê mặt bằng"
                    },
                    {
                        "name": "Đối tượng thuê:",
                        "content": "Tất cả"
                    },
                    {
                        "name": "Gói tin:",
                        "content": "Tin thường"
                    },
                    {
                        "name": "Ngày đăng:",
                        "content": "Thứ 4, 15:13 03/08/2022"
                    },
                    {
                        "name": "Ngày hết hạn:",
                        "content": "Thứ 7, 15:13 13/08/2022"
                    }
                ]
            },
            "contact": {
                "header": "Thông tin liên hệ",
                "content": [
                    {
                        "name": "Liên hệ:",
                        "content": "thutt89"
                    },
                    {
                        "name": "Điện thoại:",
                        "content": "0987878949"
                    },
                    {
                        "name": "Zalo",
                        "content": "0987878949"
                    }
                ]
            }
        },
        {
            "images": [
                "https://pt123.cdn.static123.com/images/thumbs/900x600/fit/2022/08/05/z3535814355606-b21dfcefe095d978aeed8b10ce4678d3_1659670117.jpg",
                "https://pt123.cdn.static123.com/images/thumbs/900x600/fit/2022/08/05/z3578497826109-7c34eec0caf8decd69bd9e49e623deb5_1659670112.jpg",
                "https://pt123.cdn.static123.com/images/thumbs/900x600/fit/2022/08/05/z3600993966293-d0029754f9502309032c0db64b4f5c12_1659670103.jpg",
                "https://pt123.cdn.static123.com/images/thumbs/900x600/fit/2022/08/05/z3513378490087-1ef5ada78b709ae3d482a9ddaf36720c_1659670099.jpg",
                "https://pt123.cdn.static123.com/images/thumbs/900x600/fit/2022/08/05/z3600995337855-2acb75a3b23bee8f1ba5644df439d9b8_1659670104.jpg",
                "https://pt123.cdn.static123.com/images/thumbs/900x600/fit/2022/08/05/z3600997314033-696fd795f37f1e828ba9733b326b569a_1659670106.jpg",
                "https://pt123.cdn.static123.com/images/thumbs/900x600/fit/2022/08/05/z3601002218992-060788347ec3e78a91f0df11bec307a2_1659670107.jpg",
                "https://pt123.cdn.static123.com/images/thumbs/900x600/fit/2022/08/05/z3605326683169-b88897b221438edd29a95f74e2ca0ad8_1659670102.jpg",
                "https://pt123.cdn.static123.com/images/thumbs/900x600/fit/2022/08/05/z3593344130678-25d2fc9d1b0097df9335ad5b45d51cc8_1659670110.jpg",
                "https://pt123.cdn.static123.com/images/thumbs/900x600/fit/2022/08/05/z3593344098214-2e27431803beca945d4171a55086f404_1659670107.jpg",
                "https://pt123.cdn.static123.com/images/thumbs/900x600/fit/2022/08/05/z3593343726824-a369a9919ed6271d00a9b7eb38b9268c_1659670108.jpg",
                "https://pt123.cdn.static123.com/images/thumbs/900x600/fit/2022/08/05/z3593343630973-9df13081a2a17ec79c3c9e8f4e44de9f_1659670110.jpg",
                "https://pt123.cdn.static123.com/images/thumbs/900x600/fit/2022/08/05/z3605326668723-460b6c27a57ec59f7af4b585210ef738_1659670098.jpg",
                "https://pt123.cdn.static123.com/images/thumbs/900x600/fit/2022/08/05/z3578497889506-87f02522288643611c5659db06bf0d9c_1659670114.jpg",
                "https://pt123.cdn.static123.com/images/thumbs/900x600/fit/2022/08/05/z3578497876891-c17b1dd912f9bfba9fbc6357e7f08f4d_1659670112.jpg",
                "https://pt123.cdn.static123.com/images/thumbs/900x600/fit/2022/08/05/z3557601762865-9881aee71bd06d38a5566cbb8fe7e5b3_1659670114.jpg",
                "https://pt123.cdn.static123.com/images/thumbs/900x600/fit/2022/08/05/z3535814355606-b21dfcefe095d978aeed8b10ce4678d3_1659670117.jpg",
                "https://pt123.cdn.static123.com/images/thumbs/900x600/fit/2022/08/05/z3578497826109-7c34eec0caf8decd69bd9e49e623deb5_1659670112.jpg"
            ],
            "header": {
                "title": "Cho thuê nhà phố shophouse Green River Q8-1trệt 1lầu 151m2 có nội thất cơ bản khu dân cư hiện hữu",
                "class": {
                    "content": "Chuyên mục: Cho thuê mặt bằng Quận 8",
                    "classType": "Cho thuê mặt bằng Quận 8"
                },
                "address": "Địa chỉ: 2225 Phạm Thế Hiển, Phường 6, Quận 8, Hồ Chí Minh",
                "attributes": {
                    "price": "20 triệu/tháng",
                    "acreage": "151m2",
                    "published": "05/08/2022",
                    "hashtag": "605411"
                }
            },
            "mainContent": {
                "header": "Thông tin mô tả",
                "content": [
                    "*Cho thuê 1 trệt 1 lầu 151m2-183m2 tại CĂN HỘ - ̣ ̂́ ̂̉ ̣̂ . DT Ngang 8m x dài 10m- gồm 1 tầng trệt có cầu thang lên tầng 2",
                    "*CHO THUÊ NGUYÊN CĂN 20TR/ THÁNG hiện tại có 2 căn block B mặt ngoài, 2 căn block B mặt trong, 2 căn block A mặt ngoài và trong.",
                    "*CHO Thuê tầng trệt 14tr/ tháng",
                    "*SẢN PHẨM AN TOÀN KINH DOANH THUẬN LỢI",
                    "Cập nhật tình hình mở bán các căn SHOPHOUSE 1 trệt 1 lầu đang được đưa vào sử dụng hiệu quả tại Green River Quận 8.",
                    "*BLOCK A:",
                    "1. Salon tóc CƯỜNG AN ĐÔNG",
                    "2. Nha Khoa TÂM ĐAN",
                    "3. SPA DAISY",
                    "4. SPA LINH PHẠM",
                    "5. Shop sản phẩm dành cho Mẹ và Con",
                    "6.Cafe Bất động sản",
                    "7. Trà sữa chân châu",
                    "8. Bún đậu mắm tôm",
                    "* BLOCK B:",
                    "1. Cafe NAPOLI",
                    "2. Cafe VIVA coffe",
                    "3. Cafe Kai",
                    "4. Vẽ tranh nghệ thuật sáng tạo cùng bé",
                    "5. Trung tâm tổ chức sự kiện",
                    "*BLOCK C:",
                    "1. Cafe KARA",
                    "2. Cửa hàng tiện lợi Family Mart",
                    "3. Cửa hàng tiện lợi 24h Win mart + Phúc Long coffe",
                    "4. ATM tự động TPBANK",
                    "Anh/Chị có nhu cầu sở hữu hoặc thuê kinh doanh có thể tham khảo.",
                    "Khu vực an ninh, có bảo vệ trực 24/24",
                    "‍️ Liên hệ ngay:***"
                ]
            },
            "overview": {
                "header": "Đặc điểm tin đăng",
                "content": [
                    {
                        "name": "Mã tin:",
                        "content": "#605411"
                    },
                    {
                        "name": "Khu vực",
                        "content": "Cho thuê mặt bằng Hồ Chí Minh"
                    },
                    {
                        "name": "Loại tin rao:",
                        "content": "Cho thuê mặt bằng"
                    },
                    {
                        "name": "Đối tượng thuê:",
                        "content": "Tất cả"
                    },
                    {
                        "name": "Gói tin:",
                        "content": "Tin miễn phí"
                    },
                    {
                        "name": "Ngày đăng:",
                        "content": "Thứ 6, 10:38 05/08/2022"
                    },
                    {
                        "name": "Ngày hết hạn:",
                        "content": "Thứ 4, 10:38 10/08/2022"
                    }
                ]
            },
            "contact": {
                "header": "Thông tin liên hệ",
                "content": [
                    {
                        "name": "Liên hệ:",
                        "content": "TÂN"
                    },
                    {
                        "name": "Điện thoại:",
                        "content": "0939273338"
                    },
                    {
                        "name": "Zalo",
                        "content": "0939273338"
                    }
                ]
            }
        },
        {
            "images": [],
            "header": {
                "title": "Cho thuê văn phòng ở Toà nhà Landmark 81 Đường Điện Biên Phủ, Phường 22, Quận Bình Thạnh",
                "class": {
                    "content": "Chuyên mục: Cho thuê mặt bằng Quận Bình Thạnh",
                    "classType": "Cho thuê mặt bằng Quận Bình Thạnh"
                },
                "address": "Địa chỉ: Toà nhà Landmark 81 Đường Điện Biên Phủ, Phường 22, Quận Bình Thạnh, Hồ Chí Minh",
                "attributes": {
                    "price": "240 triệu/tháng",
                    "acreage": "407m2",
                    "published": "01/08/2022",
                    "hashtag": "605201"
                }
            },
            "mainContent": {
                "header": "Thông tin mô tả",
                "content": [
                    "Cho thuê văn phòng ở Toà nhà Landmark 81  Đường Điện Biên Phủ, Phường 22, Quận Bình Thạnh",
                    "Tổng diện tích 407m2",
                    "Sang trọng hiện đại tiện nghi bật nhất",
                    "mọi chi tiết vui lòng liên hệ trực tiếp Ms. Bình 0909488724"
                ]
            },
            "overview": {
                "header": "Đặc điểm tin đăng",
                "content": [
                    {
                        "name": "Mã tin:",
                        "content": "#605201"
                    },
                    {
                        "name": "Khu vực",
                        "content": "Cho thuê mặt bằng Hồ Chí Minh"
                    },
                    {
                        "name": "Loại tin rao:",
                        "content": "Cho thuê mặt bằng"
                    },
                    {
                        "name": "Đối tượng thuê:",
                        "content": "Tất cả"
                    },
                    {
                        "name": "Gói tin:",
                        "content": "Tin miễn phí"
                    },
                    {
                        "name": "Ngày đăng:",
                        "content": "Thứ 2, 15:42 01/08/2022"
                    },
                    {
                        "name": "Ngày hết hạn:",
                        "content": "Thứ 7, 15:42 06/08/2022"
                    }
                ]
            },
            "contact": {
                "header": "Thông tin liên hệ",
                "content": [
                    {
                        "name": "Liên hệ:",
                        "content": "huỳnh huệ bình"
                    },
                    {
                        "name": "Điện thoại:",
                        "content": "0909488724"
                    },
                    {
                        "name": "Zalo",
                        "content": "0909488724"
                    }
                ]
            }
        },
        {
            "images": [
                "https://pt123.cdn.static123.com/images/thumbs/900x600/fit/2022/08/01/z3563363842420-bd99a0306b5d81e26735a95ea9a05e91_1659326198.jpg",
                "https://pt123.cdn.static123.com/images/thumbs/900x600/fit/2022/08/01/z3563363799805-2293796af84bb4b3c13dd2773c509abe_1659326193.jpg",
                "https://pt123.cdn.static123.com/images/thumbs/900x600/fit/2022/08/01/z3563363806313-f414f1e0dfefb1c4a394c746c620a23b_1659326193.jpg",
                "https://pt123.cdn.static123.com/images/thumbs/900x600/fit/2022/08/01/z3563363812719-a97c90dd163aaac614e1d9ad1c44fc19_1659326194.jpg",
                "https://pt123.cdn.static123.com/images/thumbs/900x600/fit/2022/08/01/z3563363812332-95d0bbbaebb6973587ac028725b07afc_1659326194.jpg",
                "https://pt123.cdn.static123.com/images/thumbs/900x600/fit/2022/08/01/z3563363808230-8574725a1ae5a5a9330af48fd75dc49e_1659326195.jpg",
                "https://pt123.cdn.static123.com/images/thumbs/900x600/fit/2022/08/01/z3563363812763-b1560d3dbe9a58f6965b120012b298eb_1659326195.jpg",
                "https://pt123.cdn.static123.com/images/thumbs/900x600/fit/2022/08/01/z3563363822093-53ea38449a1be9cfea6ea9ed38ef301b_1659326196.jpg",
                "https://pt123.cdn.static123.com/images/thumbs/900x600/fit/2022/08/01/z3563363823042-01094297177700ce86acfa358c7417e0_1659326196.jpg",
                "https://pt123.cdn.static123.com/images/thumbs/900x600/fit/2022/08/01/z3563363826795-5112448dcbe1bd07709847e306493c2d_1659326196.jpg",
                "https://pt123.cdn.static123.com/images/thumbs/900x600/fit/2022/08/01/z3563363829045-630a2414753f8688695423b3b062a47b_1659326196.jpg",
                "https://pt123.cdn.static123.com/images/thumbs/900x600/fit/2022/08/01/z3563363834447-857f05e1e1c140f30d813ad00d401391_1659326197.jpg",
                "https://pt123.cdn.static123.com/images/thumbs/900x600/fit/2022/08/01/z3563363838476-797bac5839bea942be44506352178aa3_1659326197.jpg",
                "https://pt123.cdn.static123.com/images/thumbs/900x600/fit/2022/08/01/z3563363848378-812420eb6d1f51d6bc66d589585a9a13_1659326197.jpg",
                "https://pt123.cdn.static123.com/images/thumbs/900x600/fit/2022/08/01/z3563363842420-bd99a0306b5d81e26735a95ea9a05e91_1659326198.jpg",
                "https://pt123.cdn.static123.com/images/thumbs/900x600/fit/2022/08/01/z3563363799805-2293796af84bb4b3c13dd2773c509abe_1659326193.jpg"
            ],
            "header": {
                "title": "Cho Thuê Mb VP Cty , Full Nội Thất , Máy Lạnh Các Phòng , 140m2 , 1T , 1 Lửng , Ngã Tư Bình Phước",
                "class": {
                    "content": "Chuyên mục: Cho thuê mặt bằng Quận Thủ Đức",
                    "classType": "Cho thuê mặt bằng Quận Thủ Đức"
                },
                "address": "Địa chỉ: 23/22B 12, Phường Hiệp Bình Phước, Quận Thủ Đức, Hồ Chí Minh",
                "attributes": {
                    "price": "18 triệu/tháng",
                    "acreage": "140m2",
                    "published": "01/08/2022",
                    "hashtag": "605178"
                }
            },
            "mainContent": {
                "header": "Thông tin mô tả",
                "content": [
                    "-Cho thuê Mặt Bằng Trệt và Lửng làm Văn Phòng Cty , nằm trong Toà Nhà Phố Cao Cấp , có đầy đủ nội thất.",
                    "-Vị Trí “ Tuyệt Đẹp “ góc 2 Mặt Tiền , Đông Bắc và Đông Nam phù hợp phong thuỷ với hầu hết các tuổi.",
                    "+ Dt : 140m2",
                    "Gồm : 1 Vp trệt , 2 vp tầng Lửng ( Phòng sếp & phòng họp)",
                    "-Bán kính từ 3km – 5km",
                    "+ Đh Luật , Phạm Văn Đồng , Vạn Phúc City , thuận tiện đi Bình Thạnh , Gò Vấp ..!",
                    "-Dọc theo QL1A :",
                    "+ Về An sương , q12 và Củ chi….!",
                    "+ Về Linh xuân , Xa Lộ Hà Nội , ngã tư thủ đức , chợ đầu mối nông sản.",
                    "-Cách ngã tư Bình Phước chỉ 500m , ngay chân cầu Vĩnh Bình ( qua cầu là Bình Dương ).",
                    "-Giá : 18 Triệu / Tháng . Điện 4k . Nước 20k",
                    "-Phù Hơp làm Vp Cty , IT , Tư Vấn , CSKH , …!",
                    "-Đường trải nhựa 8m , ko ngập , oto có thể ra vào thoải mái , dân cư hiện hửu , an ninh .!",
                    "-- Liên Hệ : Bền Nguyễn , Zalo 0904 509 552 ( Tư Vấn 24/24)."
                ]
            },
            "overview": {
                "header": "Đặc điểm tin đăng",
                "content": [
                    {
                        "name": "Mã tin:",
                        "content": "#605178"
                    },
                    {
                        "name": "Khu vực",
                        "content": "Cho thuê mặt bằng Hồ Chí Minh"
                    },
                    {
                        "name": "Loại tin rao:",
                        "content": "Cho thuê mặt bằng"
                    },
                    {
                        "name": "Đối tượng thuê:",
                        "content": "Tất cả"
                    },
                    {
                        "name": "Gói tin:",
                        "content": "Tin thường"
                    },
                    {
                        "name": "Ngày đăng:",
                        "content": "Thứ 2, 10:57 01/08/2022"
                    },
                    {
                        "name": "Ngày hết hạn:",
                        "content": "Thứ 2, 10:57 08/08/2022"
                    }
                ]
            },
            "contact": {
                "header": "Thông tin liên hệ",
                "content": [
                    {
                        "name": "Liên hệ:",
                        "content": "Nguyễn Văn Bên"
                    },
                    {
                        "name": "Điện thoại:",
                        "content": "0904509552"
                    },
                    {
                        "name": "Zalo",
                        "content": "0904509552"
                    }
                ]
            }
        }
    ]
}